call_id_hash,turn_id,start_utc,end_utc,duration_s,effective_end_utc,effective_duration_s,kind,name,input_bytes,output_bytes,yielded
d0729048b4a3,019fe56e-f83e-7162-9fca-c647341fcd87,2026-08-09T07:31:38.211+00:00,2026-08-09T07:31:38.321+00:00,0.11,2026-08-09T07:31:38.321+00:00,0.11,tool_discovery,exec,127,41815,False
c74f2d0f73c0,019fe56e-f83e-7162-9fca-c647341fcd87,2026-08-09T07:31:43.609+00:00,2026-08-09T07:31:43.790+00:00,0.181,2026-08-09T07:31:43.790+00:00,0.181,shell_other,exec,193,198,False
c82d76fa4134,019fe56e-f83e-7162-9fca-c647341fcd87,2026-08-09T07:31:48.405+00:00,2026-08-09T07:31:49.509+00:00,1.104,2026-08-09T07:31:49.509+00:00,1.104,mcp_wrapper,exec,365,11820,False
abf5b294e4a6,019fe56e-f83e-7162-9fca-c647341fcd87,2026-08-09T07:32:00.322+00:00,2026-08-09T07:32:00.553+00:00,0.231,2026-08-09T07:32:00.553+00:00,0.231,read_search_git,exec,435,632,False
ed563c102e9c,019fe56e-f83e-7162-9fca-c647341fcd87,2026-08-09T07:32:08.596+00:00,2026-08-09T07:32:08.766+00:00,0.17,2026-08-09T07:32:08.766+00:00,0.17,read_search_git,exec,411,178,False
fbc1d5c17842,019fe56e-f83e-7162-9fca-c647341fcd87,2026-08-09T07:32:15.254+00:00,2026-08-09T07:32:17.296+00:00,2.042,2026-08-09T07:32:17.296+00:00,2.042,read_search_git,exec,487,2374,False
25d51e1c4f66,019fe56e-f83e-7162-9fca-c647341fcd87,2026-08-09T07:32:26.036+00:00,2026-08-09T07:32:26.185+00:00,0.149,2026-08-09T07:32:26.185+00:00,0.149,read_search_git,exec,216,11380,False
2f0ad9439f33,019fe56e-f83e-7162-9fca-c647341fcd87,2026-08-09T07:32:31.299+00:00,2026-08-09T07:32:31.427+00:00,0.128,2026-08-09T07:32:31.427+00:00,0.128,read_search_git,exec,218,12099,False
307bc9414996,019fe56e-f83e-7162-9fca-c647341fcd87,2026-08-09T07:32:36.771+00:00,2026-08-09T07:32:37.060+00:00,0.289,2026-08-09T07:32:37.060+00:00,0.289,read_search_git,exec,218,40314,False
c3224c3a7368,019fe56e-f83e-7162-9fca-c647341fcd87,2026-08-09T07:32:40.924+00:00,2026-08-09T07:32:41.076+00:00,0.152,2026-08-09T07:32:41.076+00:00,0.152,read_search_git,exec,218,21561,False
753e84c5035f,019fe56e-f83e-7162-9fca-c647341fcd87,2026-08-09T07:32:46.435+00:00,2026-08-09T07:32:46.579+00:00,0.144,2026-08-09T07:32:46.579+00:00,0.144,read_search_git,exec,218,37658,False
6618ce7c5e68,019fe56e-f83e-7162-9fca-c647341fcd87,2026-08-09T07:32:55.493+00:00,2026-08-09T07:32:55.654+00:00,0.161,2026-08-09T07:32:55.654+00:00,0.161,read_search_git,exec,218,29241,False
3707d4a9b697,019fe56e-f83e-7162-9fca-c647341fcd87,2026-08-09T07:33:08.205+00:00,2026-08-09T07:33:08.379+00:00,0.174,2026-08-09T07:33:08.379+00:00,0.174,read_search_git,exec,218,24633,False
b1b97a45b877,019fe56e-f83e-7162-9fca-c647341fcd87,2026-08-09T07:33:11.960+00:00,2026-08-09T07:33:12.098+00:00,0.138,2026-08-09T07:33:12.098+00:00,0.138,read_search_git,exec,218,20083,False
28110d41ef91,019fe56e-f83e-7162-9fca-c647341fcd87,2026-08-09T07:33:28.172+00:00,2026-08-09T07:33:29.259+00:00,1.087,2026-08-09T07:33:29.259+00:00,1.087,read_search_git,exec,444,1740,False
69ae4cceb4ef,019fe56e-f83e-7162-9fca-c647341fcd87,2026-08-09T07:33:35.618+00:00,2026-08-09T07:33:36.344+00:00,0.726,2026-08-09T07:33:36.344+00:00,0.726,mcp_wrapper,exec,258,23802,False
3c7cabcb4f3c,019fe56e-f83e-7162-9fca-c647341fcd87,2026-08-09T07:33:51.712+00:00,2026-08-09T07:33:51.899+00:00,0.187,2026-08-09T07:33:51.899+00:00,0.187,read_search_git,exec,477,4110,False
3977f4ff96d1,019fe56e-f83e-7162-9fca-c647341fcd87,2026-08-09T07:33:59.107+00:00,2026-08-09T07:33:59.315+00:00,0.208,2026-08-09T07:33:59.315+00:00,0.208,read_search_git,exec,344,3538,False
436aeb0511a9,019fe56e-f83e-7162-9fca-c647341fcd87,2026-08-09T07:34:13.631+00:00,2026-08-09T07:34:23.877+00:00,10.246,2026-08-09T07:34:23.877+00:00,10.246,read_search_git,exec,624,123,False
a85cb78c150e,019fe56e-f83e-7162-9fca-c647341fcd87,2026-08-09T07:34:33.740+00:00,2026-08-09T07:34:33.944+00:00,0.204,2026-08-09T07:34:33.944+00:00,0.204,read_search_git,exec,382,23164,False
34dab65cc6f4,019fe56e-f83e-7162-9fca-c647341fcd87,2026-08-09T07:34:40.102+00:00,2026-08-09T07:34:40.399+00:00,0.297,2026-08-09T07:34:40.399+00:00,0.297,read_search_git,exec,445,26493,False
f622562f1a86,019fe56e-f83e-7162-9fca-c647341fcd87,2026-08-09T07:34:47.406+00:00,2026-08-09T07:34:47.581+00:00,0.175,2026-08-09T07:34:47.581+00:00,0.175,read_search_git,exec,381,12290,False
347cf61ebc49,019fe56e-f83e-7162-9fca-c647341fcd87,2026-08-09T07:34:59.919+00:00,2026-08-09T07:35:06.891+00:00,6.972,2026-08-09T07:35:06.891+00:00,6.972,read_search_git,exec,409,23827,False
6aece76b91c6,019fe56e-f83e-7162-9fca-c647341fcd87,2026-08-09T07:35:20.904+00:00,2026-08-09T07:35:21.133+00:00,0.229,2026-08-09T07:35:21.133+00:00,0.229,read_search_git,exec,498,668,False
3553bb6dd1cf,019fe56e-f83e-7162-9fca-c647341fcd87,2026-08-09T07:35:30.466+00:00,2026-08-09T07:35:30.737+00:00,0.271,2026-08-09T07:35:30.737+00:00,0.271,read_search_git,exec,462,375,False
2a1e0c1549e5,019fe56e-f83e-7162-9fca-c647341fcd87,2026-08-09T07:35:37.949+00:00,2026-08-09T07:35:38.229+00:00,0.28,2026-08-09T07:35:38.229+00:00,0.28,shell_other,exec,578,867,False
4512716dcb3d,019fe56e-f83e-7162-9fca-c647341fcd87,2026-08-09T07:35:53.030+00:00,2026-08-09T07:35:53.308+00:00,0.278,2026-08-09T07:35:53.308+00:00,0.278,read_search_git,exec,634,122,False
2d4f734bd3f8,019fe56e-f83e-7162-9fca-c647341fcd87,2026-08-09T07:36:03.494+00:00,2026-08-09T07:36:03.771+00:00,0.277,2026-08-09T07:36:03.771+00:00,0.277,shell_other,exec,635,713,False
f049b1eda511,019fe56e-f83e-7162-9fca-c647341fcd87,2026-08-09T07:36:14.618+00:00,2026-08-09T07:36:14.842+00:00,0.224,2026-08-09T07:36:14.842+00:00,0.224,read_search_git,exec,630,417,False
1cfe76463e45,019fe56e-f83e-7162-9fca-c647341fcd87,2026-08-09T07:36:29.357+00:00,2026-08-09T07:36:29.735+00:00,0.378,2026-08-09T07:36:29.735+00:00,0.378,read_search_git,exec,840,6273,False
1d0c5c6a0aad,019fe56e-f83e-7162-9fca-c647341fcd87,2026-08-09T07:36:42.749+00:00,2026-08-09T07:36:43.047+00:00,0.298,2026-08-09T07:36:43.047+00:00,0.298,shell_other,exec,580,7504,False
8ebfe5bbe275,019fe56e-f83e-7162-9fca-c647341fcd87,2026-08-09T07:36:56.081+00:00,2026-08-09T07:36:56.326+00:00,0.245,2026-08-09T07:36:56.326+00:00,0.245,shell_other,exec,454,41513,False
31693b183550,019fe56e-f83e-7162-9fca-c647341fcd87,2026-08-09T07:37:08.392+00:00,2026-08-09T07:37:08.697+00:00,0.305,2026-08-09T07:37:08.697+00:00,0.305,shell_other,exec,422,11044,False
e75e809ece44,019fe56e-f83e-7162-9fca-c647341fcd87,2026-08-09T07:37:21.975+00:00,2026-08-09T07:37:22.235+00:00,0.26,2026-08-09T07:37:22.235+00:00,0.26,shell_other,exec,426,14239,False
f95ab231c370,019fe56e-f83e-7162-9fca-c647341fcd87,2026-08-09T07:38:18.219+00:00,2026-08-09T07:38:18.485+00:00,0.266,2026-08-09T07:38:18.485+00:00,0.266,shell_other,exec,426,14202,False
8948a6eabf46,019fe56e-f83e-7162-9fca-c647341fcd87,2026-08-09T07:38:23.180+00:00,2026-08-09T07:38:23.407+00:00,0.227,2026-08-09T07:38:23.407+00:00,0.227,shell_other,exec,426,7017,False
c5973348e8f9,019fe56e-f83e-7162-9fca-c647341fcd87,2026-08-09T07:38:36.733+00:00,2026-08-09T07:38:37.046+00:00,0.313,2026-08-09T07:38:37.046+00:00,0.313,shell_other,exec,758,41145,False
3697b2788a2c,019fe56e-f83e-7162-9fca-c647341fcd87,2026-08-09T07:38:45.720+00:00,2026-08-09T07:38:45.990+00:00,0.27,2026-08-09T07:38:45.990+00:00,0.27,shell_other,exec,756,122,False
860f08bd6da9,019fe56e-f83e-7162-9fca-c647341fcd87,2026-08-09T07:38:53.093+00:00,2026-08-09T07:38:53.419+00:00,0.326,2026-08-09T07:38:53.419+00:00,0.326,shell_other,exec,726,2009,False
fe0404fe62f7,019fe56e-f83e-7162-9fca-c647341fcd87,2026-08-09T07:39:02.756+00:00,2026-08-09T07:39:03.031+00:00,0.275,2026-08-09T07:39:03.031+00:00,0.275,shell_other,exec,648,3355,False
c2a81382657f,019fe56e-f83e-7162-9fca-c647341fcd87,2026-08-09T07:39:10.191+00:00,2026-08-09T07:39:10.382+00:00,0.191,2026-08-09T07:39:10.382+00:00,0.191,read_search_git,exec,701,2767,False
1738601cf773,019fe56e-f83e-7162-9fca-c647341fcd87,2026-08-09T07:39:14.234+00:00,2026-08-09T07:39:14.400+00:00,0.166,2026-08-09T07:39:14.400+00:00,0.166,read_search_git,exec,268,24432,False
3b8c242a3ff2,019fe56e-f83e-7162-9fca-c647341fcd87,2026-08-09T07:39:21.957+00:00,2026-08-09T07:39:22.633+00:00,0.676,2026-08-09T07:39:22.633+00:00,0.676,mcp_wrapper,exec,242,12283,False
0b68935b953c,019fe56e-f83e-7162-9fca-c647341fcd87,2026-08-09T07:39:31.594+00:00,2026-08-09T07:39:31.854+00:00,0.26,2026-08-09T07:39:31.854+00:00,0.26,read_search_git,exec,504,22503,False
fd1d1974861d,019fe56e-f83e-7162-9fca-c647341fcd87,2026-08-09T07:39:37.461+00:00,2026-08-09T07:39:37.648+00:00,0.187,2026-08-09T07:39:37.648+00:00,0.187,read_search_git,exec,507,31438,False
150fcdea33c9,019fe56e-f83e-7162-9fca-c647341fcd87,2026-08-09T07:40:11.105+00:00,2026-08-09T07:40:11.383+00:00,0.278,2026-08-09T07:40:11.383+00:00,0.278,read_search_git,exec,535,122,False
834616e0f48a,019fe56e-f83e-7162-9fca-c647341fcd87,2026-08-09T07:40:35.224+00:00,2026-08-09T07:40:35.390+00:00,0.166,2026-08-09T07:40:35.390+00:00,0.166,read_search_git,exec,410,17811,False
a7e750a971df,019fe56e-f83e-7162-9fca-c647341fcd87,2026-08-09T07:40:43.094+00:00,2026-08-09T07:40:43.268+00:00,0.174,2026-08-09T07:40:43.268+00:00,0.174,read_search_git,exec,325,40594,False
cac7087302fd,019fe56e-f83e-7162-9fca-c647341fcd87,2026-08-09T07:41:31.239+00:00,2026-08-09T07:41:33.156+00:00,1.917,2026-08-09T07:41:33.156+00:00,1.917,other_exec,exec,412,35817,False
b463f2cf782c,019fe56e-f83e-7162-9fca-c647341fcd87,2026-08-09T07:41:37.351+00:00,2026-08-09T07:41:40.936+00:00,3.585,2026-08-09T07:41:40.936+00:00,3.585,other_exec,exec,508,39020,False
6fc960185440,019fe56e-f83e-7162-9fca-c647341fcd87,2026-08-09T07:41:47.478+00:00,2026-08-09T07:41:51.496+00:00,4.018,2026-08-09T07:41:51.496+00:00,4.018,other_exec,exec,284,31812,False
9436a5f61268,019fe56e-f83e-7162-9fca-c647341fcd87,2026-08-09T07:41:57.177+00:00,2026-08-09T07:41:59.143+00:00,1.966,2026-08-09T07:41:59.143+00:00,1.966,other_exec,exec,317,31028,False
0408df9ffe57,019fe56e-f83e-7162-9fca-c647341fcd87,2026-08-09T07:42:02.993+00:00,2026-08-09T07:42:04.501+00:00,1.508,2026-08-09T07:42:04.501+00:00,1.508,other_exec,exec,186,33687,False
ae9ef62b1c80,019fe56e-f83e-7162-9fca-c647341fcd87,2026-08-09T07:44:20.783+00:00,2026-08-09T07:44:20.853+00:00,0.07,2026-08-09T07:44:20.853+00:00,0.07,tool_discovery,exec,148,3469,False
4d8a99b77494,019fe56e-f83e-7162-9fca-c647341fcd87,2026-08-09T07:44:24.188+00:00,2026-08-09T07:44:24.494+00:00,0.306,2026-08-09T07:44:24.494+00:00,0.306,mcp_wrapper,exec,283,16162,False
47f9171faf90,019fe56e-f83e-7162-9fca-c647341fcd87,2026-08-09T07:44:41.993+00:00,2026-08-09T07:44:49.807+00:00,7.814,2026-08-09T07:44:49.807+00:00,7.814,test,exec,1918,1410,False
341767b467b1,019fe56e-f83e-7162-9fca-c647341fcd87,2026-08-09T07:44:55.911+00:00,2026-08-09T07:44:56.040+00:00,0.129,2026-08-09T07:44:56.040+00:00,0.129,read_search_git,exec,294,1671,False
53d6dfe07ed3,019fe56e-f83e-7162-9fca-c647341fcd87,2026-08-09T07:45:04.908+00:00,2026-08-09T07:45:05.443+00:00,0.535,2026-08-09T07:45:05.443+00:00,0.535,shell_other,exec,883,930,False
734bc5f79eee,019fe56e-f83e-7162-9fca-c647341fcd87,2026-08-09T07:45:17.612+00:00,2026-08-09T07:45:17.780+00:00,0.168,2026-08-09T07:45:17.780+00:00,0.168,read_search_git,exec,646,40701,False
49ea5c386a59,019fe56e-f83e-7162-9fca-c647341fcd87,2026-08-09T07:45:27.910+00:00,2026-08-09T07:45:28.141+00:00,0.231,2026-08-09T07:45:28.141+00:00,0.231,read_search_git,exec,747,42395,False
3848e1422cc2,019fe56e-f83e-7162-9fca-c647341fcd87,2026-08-09T07:45:36.855+00:00,2026-08-09T07:45:38.369+00:00,1.514,2026-08-09T07:45:38.369+00:00,1.514,other_exec,exec,411,37375,False
02ac6c2539cb,019fe56e-f83e-7162-9fca-c647341fcd87,2026-08-09T07:45:43.865+00:00,2026-08-09T07:45:45.493+00:00,1.628,2026-08-09T07:45:45.493+00:00,1.628,other_exec,exec,315,34776,False
9fc200409147,019fe56e-f83e-7162-9fca-c647341fcd87,2026-08-09T07:45:52.905+00:00,2026-08-09T07:45:54.355+00:00,1.45,2026-08-09T07:45:54.355+00:00,1.45,other_exec,exec,346,39285,False
6b0d6c6fe94c,019fe56e-f83e-7162-9fca-c647341fcd87,2026-08-09T07:46:00.384+00:00,2026-08-09T07:46:05.089+00:00,4.705,2026-08-09T07:46:05.089+00:00,4.705,shell_other,exec,412,1961,False
c2f28b6e3fac,019fe56e-f83e-7162-9fca-c647341fcd87,2026-08-09T07:46:13.533+00:00,2026-08-09T07:46:13.710+00:00,0.177,2026-08-09T07:46:13.710+00:00,0.177,read_search_git,exec,503,38778,False
a2d0031491b8,019fe56e-f83e-7162-9fca-c647341fcd87,2026-08-09T07:47:39.789+00:00,2026-08-09T07:47:41.201+00:00,1.412,2026-08-09T07:47:41.201+00:00,1.412,other_exec,exec,288,30517,False
08e3e89098e0,019fe56e-f83e-7162-9fca-c647341fcd87,2026-08-09T07:49:12.658+00:00,2026-08-09T07:49:12.808+00:00,0.15,2026-08-09T07:49:12.808+00:00,0.15,shell_other,exec,213,122,False
b186cbaf899a,019fe56e-f83e-7162-9fca-c647341fcd87,2026-08-09T07:53:54.868+00:00,2026-08-09T07:53:54.999+00:00,0.131,2026-08-09T07:53:54.999+00:00,0.131,file_change,exec,55434,124,False
b4dce2d13416,019fe56e-f83e-7162-9fca-c647341fcd87,2026-08-09T07:54:11.043+00:00,2026-08-09T07:54:11.198+00:00,0.155,2026-08-09T07:54:11.198+00:00,0.155,read_search_git,exec,430,232,False
23c26d82009e,019fe56e-f83e-7162-9fca-c647341fcd87,2026-08-09T07:54:16.053+00:00,2026-08-09T07:54:16.212+00:00,0.159,2026-08-09T07:54:16.212+00:00,0.159,read_search_git,exec,413,2585,False
2242fc91844f,019fe56e-f83e-7162-9fca-c647341fcd87,2026-08-09T07:54:30.967+00:00,2026-08-09T07:54:31.143+00:00,0.176,2026-08-09T07:54:31.143+00:00,0.176,mcp_wrapper,exec,1406,963,False
b9cc2f373d8f,019fe56e-f83e-7162-9fca-c647341fcd87,2026-08-09T07:54:43.561+00:00,2026-08-09T07:54:43.890+00:00,0.329,2026-08-09T07:54:43.890+00:00,0.329,read_search_git,exec,309,3944,False
7a7f9b157b96,019fe56e-f83e-7162-9fca-c647341fcd87,2026-08-09T07:54:48.392+00:00,2026-08-09T07:54:48.469+00:00,0.077,2026-08-09T07:54:48.469+00:00,0.077,tool_discovery,exec,122,2091,False
3f587d1c2f34,019fe56e-f83e-7162-9fca-c647341fcd87,2026-08-09T07:55:14.037+00:00,2026-08-09T07:55:14.394+00:00,0.357,2026-08-09T07:55:14.394+00:00,0.357,mcp_wrapper,exec,1811,388,False
9d127b6fcf27,019fe585-f722-7100-bd86-78aedfc22c50,2026-08-09T07:56:43.778+00:00,2026-08-09T07:56:44.096+00:00,0.318,2026-08-09T07:56:44.096+00:00,0.318,network,exec,893,3773,False
762877d5c6c7,019fe585-f722-7100-bd86-78aedfc22c50,2026-08-09T07:56:58.363+00:00,2026-08-09T07:56:58.922+00:00,0.559,2026-08-09T07:56:58.922+00:00,0.559,mcp_wrapper,exec,1871,388,False
92479909b886,019fe587-ad90-7722-bf30-2ae89e6f70d7,2026-08-09T07:58:25.207+00:00,2026-08-09T07:58:25.393+00:00,0.186,2026-08-09T07:58:25.393+00:00,0.186,read_search_git,exec,232,7180,False
fa448cde3f5a,019fe587-ad90-7722-bf30-2ae89e6f70d7,2026-08-09T08:00:12.757+00:00,2026-08-09T08:00:12.895+00:00,0.138,2026-08-09T08:00:12.895+00:00,0.138,file_change,exec,4259,124,False
54c2a403a773,019fe587-ad90-7722-bf30-2ae89e6f70d7,2026-08-09T08:00:24.904+00:00,2026-08-09T08:00:24.999+00:00,0.095,2026-08-09T08:00:24.999+00:00,0.095,file_change,exec,2780,124,False
fb3b9f25fbbc,019fe587-ad90-7722-bf30-2ae89e6f70d7,2026-08-09T08:00:48.365+00:00,2026-08-09T08:00:48.557+00:00,0.192,2026-08-09T08:00:48.557+00:00,0.192,file_change,exec,5029,124,False
fcb3a5af93f1,019fe587-ad90-7722-bf30-2ae89e6f70d7,2026-08-09T08:00:59.313+00:00,2026-08-09T08:00:59.421+00:00,0.108,2026-08-09T08:00:59.421+00:00,0.108,file_change,exec,2468,124,False
6bafb8a2d627,019fe587-ad90-7722-bf30-2ae89e6f70d7,2026-08-09T08:01:05.370+00:00,2026-08-09T08:01:05.499+00:00,0.129,2026-08-09T08:01:05.499+00:00,0.129,file_change,exec,1239,124,False
d218cb26e30a,019fe587-ad90-7722-bf30-2ae89e6f70d7,2026-08-09T08:01:32.109+00:00,2026-08-09T08:01:32.218+00:00,0.109,2026-08-09T08:01:32.218+00:00,0.109,file_change,exec,5178,124,False
a16b6d34d05e,019fe587-ad90-7722-bf30-2ae89e6f70d7,2026-08-09T08:01:51.812+00:00,2026-08-09T08:01:52.015+00:00,0.203,2026-08-09T08:01:52.015+00:00,0.203,file_change,exec,3476,124,False
3cc9f79fc3b6,019fe587-ad90-7722-bf30-2ae89e6f70d7,2026-08-09T08:02:08.492+00:00,2026-08-09T08:02:08.610+00:00,0.118,2026-08-09T08:02:08.610+00:00,0.118,file_change,exec,2802,124,False
0d8ebeb2446c,019fe587-ad90-7722-bf30-2ae89e6f70d7,2026-08-09T08:02:27.549+00:00,2026-08-09T08:02:27.645+00:00,0.096,2026-08-09T08:02:27.645+00:00,0.096,file_change,exec,4035,124,False
f71dcec9d3ab,019fe587-ad90-7722-bf30-2ae89e6f70d7,2026-08-09T08:02:35.720+00:00,2026-08-09T08:02:35.866+00:00,0.146,2026-08-09T08:02:35.866+00:00,0.146,file_change,exec,1254,124,False
39bf715ceb97,019fe587-ad90-7722-bf30-2ae89e6f70d7,2026-08-09T08:02:45.343+00:00,2026-08-09T08:02:45.474+00:00,0.131,2026-08-09T08:02:45.474+00:00,0.131,file_change,exec,1413,124,False
7d45d3f0d304,019fe587-ad90-7722-bf30-2ae89e6f70d7,2026-08-09T08:02:56.757+00:00,2026-08-09T08:02:56.904+00:00,0.147,2026-08-09T08:02:56.904+00:00,0.147,file_change,exec,1813,124,False
9526acad04a6,019fe587-ad90-7722-bf30-2ae89e6f70d7,2026-08-09T08:03:04.344+00:00,2026-08-09T08:03:04.459+00:00,0.115,2026-08-09T08:03:04.459+00:00,0.115,file_change,exec,1088,124,False
5306f6be89e6,019fe587-ad90-7722-bf30-2ae89e6f70d7,2026-08-09T08:03:09.533+00:00,2026-08-09T08:03:09.673+00:00,0.14,2026-08-09T08:03:09.673+00:00,0.14,read_search_git,exec,451,4157,False
2c309b161918,019fe587-ad90-7722-bf30-2ae89e6f70d7,2026-08-09T08:03:33.722+00:00,2026-08-09T08:03:33.822+00:00,0.1,2026-08-09T08:03:33.822+00:00,0.1,file_change,exec,565,124,False
e50289aaacf3,019fe587-ad90-7722-bf30-2ae89e6f70d7,2026-08-09T08:03:48.759+00:00,2026-08-09T08:03:49.301+00:00,0.542,2026-08-09T08:03:49.301+00:00,0.542,file_change,exec,985,124,False
64b673164f10,019fe587-ad90-7722-bf30-2ae89e6f70d7,2026-08-09T08:04:00.510+00:00,2026-08-09T08:04:00.645+00:00,0.135,2026-08-09T08:04:00.645+00:00,0.135,file_change,exec,533,124,False
e06f1565974c,019fe587-ad90-7722-bf30-2ae89e6f70d7,2026-08-09T08:04:22.354+00:00,2026-08-09T08:04:22.591+00:00,0.237,2026-08-09T08:04:22.591+00:00,0.237,file_change,exec,1847,124,False
0ed0bdd74323,019fe587-ad90-7722-bf30-2ae89e6f70d7,2026-08-09T08:04:36.687+00:00,2026-08-09T08:04:36.794+00:00,0.107,2026-08-09T08:04:36.794+00:00,0.107,file_change,exec,953,124,False
4f3c84734399,019fe587-ad90-7722-bf30-2ae89e6f70d7,2026-08-09T08:04:44.634+00:00,2026-08-09T08:04:44.855+00:00,0.221,2026-08-09T08:04:44.855+00:00,0.221,read_search_git,exec,524,1730,False
963f5aadd1f5,019fe587-ad90-7722-bf30-2ae89e6f70d7,2026-08-09T08:05:05.842+00:00,2026-08-09T08:05:06.464+00:00,0.622,2026-08-09T08:05:06.464+00:00,0.622,mcp_wrapper,exec,1555,388,False
47bfee92a081,019fe58e-b521-70f3-86e6-9c4f10ba541c,2026-08-09T08:06:11.785+00:00,2026-08-09T08:06:12.192+00:00,0.407,2026-08-09T08:06:12.192+00:00,0.407,read_search_git,exec,239,4853,False
b9a256f9f090,019fe58e-b521-70f3-86e6-9c4f10ba541c,2026-08-09T08:07:11.959+00:00,2026-08-09T08:07:12.123+00:00,0.164,2026-08-09T08:07:12.123+00:00,0.164,file_change,exec,3047,124,False
6fd4d5cb9c14,019fe58e-b521-70f3-86e6-9c4f10ba541c,2026-08-09T08:07:27.870+00:00,2026-08-09T08:07:27.968+00:00,0.098,2026-08-09T08:07:27.968+00:00,0.098,file_change,exec,2311,124,False
7f551885d348,019fe58e-b521-70f3-86e6-9c4f10ba541c,2026-08-09T08:07:40.710+00:00,2026-08-09T08:07:40.813+00:00,0.103,2026-08-09T08:07:40.813+00:00,0.103,file_change,exec,2995,124,False
3372469fe8c6,019fe58e-b521-70f3-86e6-9c4f10ba541c,2026-08-09T08:07:50.421+00:00,2026-08-09T08:07:50.511+00:00,0.09,2026-08-09T08:07:50.511+00:00,0.09,file_change,exec,2088,124,False
9077a8ce1842,019fe58e-b521-70f3-86e6-9c4f10ba541c,2026-08-09T08:07:56.091+00:00,2026-08-09T08:07:56.181+00:00,0.09,2026-08-09T08:07:56.181+00:00,0.09,file_change,exec,896,124,False
09e86ea5ca51,019fe58e-b521-70f3-86e6-9c4f10ba541c,2026-08-09T08:08:09.286+00:00,2026-08-09T08:08:09.410+00:00,0.124,2026-08-09T08:08:09.410+00:00,0.124,file_change,exec,2066,124,False
ba842536fa57,019fe58e-b521-70f3-86e6-9c4f10ba541c,2026-08-09T08:08:14.046+00:00,2026-08-09T08:08:14.154+00:00,0.108,2026-08-09T08:08:14.154+00:00,0.108,file_change,exec,582,124,False
b90e4fb81447,019fe58e-b521-70f3-86e6-9c4f10ba541c,2026-08-09T08:08:18.134+00:00,2026-08-09T08:08:18.269+00:00,0.135,2026-08-09T08:08:18.269+00:00,0.135,file_change,exec,578,124,False
8a5ef1324de9,019fe58e-b521-70f3-86e6-9c4f10ba541c,2026-08-09T08:08:27.787+00:00,2026-08-09T08:08:27.889+00:00,0.102,2026-08-09T08:08:27.889+00:00,0.102,file_change,exec,1150,124,False
e728ee49c9a2,019fe58e-b521-70f3-86e6-9c4f10ba541c,2026-08-09T08:13:42.202+00:00,2026-08-09T08:13:42.316+00:00,0.114,2026-08-09T08:13:42.316+00:00,0.114,file_change,exec,971,124,False
5e4d29598590,019fe58e-b521-70f3-86e6-9c4f10ba541c,2026-08-09T08:13:47.044+00:00,2026-08-09T08:13:47.193+00:00,0.149,2026-08-09T08:13:47.193+00:00,0.149,read_search_git,exec,396,1377,False
f5fb07e6c41f,019fe58e-b521-70f3-86e6-9c4f10ba541c,2026-08-09T08:13:52.306+00:00,2026-08-09T08:13:52.397+00:00,0.091,2026-08-09T08:13:52.397+00:00,0.091,file_change,exec,687,124,False
0dc88de30728,019fe58e-b521-70f3-86e6-9c4f10ba541c,2026-08-09T08:13:59.937+00:00,2026-08-09T08:14:00.098+00:00,0.161,2026-08-09T08:14:00.098+00:00,0.161,read_search_git,exec,505,1106,False
7f8a7034636d,019fe58e-b521-70f3-86e6-9c4f10ba541c,2026-08-09T08:14:08.676+00:00,2026-08-09T08:14:08.992+00:00,0.316,2026-08-09T08:14:08.992+00:00,0.316,mcp_wrapper,exec,1527,388,False
4fc1cab04b92,019fe596-fd74-7573-8660-2b394a40753f,2026-08-09T08:15:12.090+00:00,2026-08-09T08:15:12.289+00:00,0.199,2026-08-09T08:15:12.289+00:00,0.199,read_search_git,exec,238,2379,False
97f8f264d545,019fe596-fd74-7573-8660-2b394a40753f,2026-08-09T08:15:33.311+00:00,2026-08-09T08:15:33.476+00:00,0.165,2026-08-09T08:15:33.476+00:00,0.165,file_change,exec,1862,124,False
524640bf6a44,019fe596-fd74-7573-8660-2b394a40753f,2026-08-09T08:15:50.157+00:00,2026-08-09T08:15:50.274+00:00,0.117,2026-08-09T08:15:50.274+00:00,0.117,file_change,exec,1971,124,False
5cedb6ea03de,019fe596-fd74-7573-8660-2b394a40753f,2026-08-09T08:15:57.140+00:00,2026-08-09T08:15:57.268+00:00,0.128,2026-08-09T08:15:57.268+00:00,0.128,file_change,exec,489,124,False
fb8fc644227c,019fe596-fd74-7573-8660-2b394a40753f,2026-08-09T08:16:02.216+00:00,2026-08-09T08:16:02.520+00:00,0.304,2026-08-09T08:16:02.520+00:00,0.304,file_change,exec,821,124,False
506d14455de0,019fe596-fd74-7573-8660-2b394a40753f,2026-08-09T08:16:17.468+00:00,2026-08-09T08:16:17.718+00:00,0.25,2026-08-09T08:16:17.718+00:00,0.25,mcp_wrapper,exec,1497,388,False
ec484b424c3a,019fe598-6da0-7b23-a3c7-1c1086eee70a,2026-08-09T08:16:44.686+00:00,2026-08-09T08:16:44.806+00:00,0.12,2026-08-09T08:16:44.806+00:00,0.12,read_search_git,exec,238,900,False
e325b55c9d10,019fe598-6da0-7b23-a3c7-1c1086eee70a,2026-08-09T08:16:58.230+00:00,2026-08-09T08:16:58.351+00:00,0.121,2026-08-09T08:16:58.351+00:00,0.121,file_change,exec,1970,124,False
f485b62b453a,019fe598-6da0-7b23-a3c7-1c1086eee70a,2026-08-09T08:17:06.630+00:00,2026-08-09T08:17:07.055+00:00,0.425,2026-08-09T08:17:07.055+00:00,0.425,file_change,exec,1608,124,False
71ca8db29031,019fe598-6da0-7b23-a3c7-1c1086eee70a,2026-08-09T08:17:22.062+00:00,2026-08-09T08:17:30.220+00:00,8.158,2026-08-09T08:17:30.220+00:00,8.158,test,exec,482,382,False
907869b187c9,019fe598-6da0-7b23-a3c7-1c1086eee70a,2026-08-09T08:17:39.350+00:00,2026-08-09T08:17:39.616+00:00,0.266,2026-08-09T08:17:39.616+00:00,0.266,read_search_git,exec,419,723,False
4f452a96de34,019fe598-6da0-7b23-a3c7-1c1086eee70a,2026-08-09T08:17:49.678+00:00,2026-08-09T08:17:49.873+00:00,0.195,2026-08-09T08:17:49.873+00:00,0.195,mcp_wrapper,exec,1383,318,False
7adaac5be8d5,019fe59a-f2e6-7e83-8c6d-e3f45a2de84c,2026-08-09T08:19:40.400+00:00,2026-08-09T08:19:42.566+00:00,2.166,2026-08-09T08:19:42.566+00:00,2.166,mcp_wrapper,exec,872,31144,False
39a5c84480a5,019fe59a-f2e6-7e83-8c6d-e3f45a2de84c,2026-08-09T08:21:32.186+00:00,2026-08-09T08:21:32.305+00:00,0.119,2026-08-09T08:21:32.305+00:00,0.119,other_exec,exec,578,124,False
d3d0b577ba9f,019fe59a-f2e6-7e83-8c6d-e3f45a2de84c,2026-08-09T08:21:37.597+00:00,2026-08-09T08:21:37.794+00:00,0.197,2026-08-09T08:21:37.794+00:00,0.197,read_search_git,exec,338,40699,False
668715f7ef43,019fe59a-f2e6-7e83-8c6d-e3f45a2de84c,2026-08-09T08:26:52.492+00:00,2026-08-09T08:26:52.604+00:00,0.112,2026-08-09T08:26:52.604+00:00,0.112,file_change,exec,35505,124,False
ac632e360d2f,019fe59a-f2e6-7e83-8c6d-e3f45a2de84c,2026-08-09T08:32:08.408+00:00,2026-08-09T08:32:08.523+00:00,0.115,2026-08-09T08:32:08.523+00:00,0.115,file_change,exec,449,124,False
f5578541d500,019fe59a-f2e6-7e83-8c6d-e3f45a2de84c,2026-08-09T08:36:35.169+00:00,2026-08-09T08:36:35.305+00:00,0.136,2026-08-09T08:36:35.305+00:00,0.136,file_change,exec,48679,124,False
45152662b6d5,019fe59a-f2e6-7e83-8c6d-e3f45a2de84c,2026-08-09T08:36:53.495+00:00,2026-08-09T08:36:53.720+00:00,0.225,2026-08-09T08:36:53.720+00:00,0.225,browser,exec,1563,357,False
9e40784de414,019fe59a-f2e6-7e83-8c6d-e3f45a2de84c,2026-08-09T08:37:01.047+00:00,2026-08-09T08:37:01.250+00:00,0.203,2026-08-09T08:37:01.250+00:00,0.203,browser,exec,447,166,False
b2658f6f9f4d,019fe59a-f2e6-7e83-8c6d-e3f45a2de84c,2026-08-09T08:37:13.584+00:00,2026-08-09T08:37:20.808+00:00,7.224,2026-08-09T08:37:20.808+00:00,7.224,browser,exec,1116,631,False
534a81145f26,019fe59a-f2e6-7e83-8c6d-e3f45a2de84c,2026-08-09T08:37:30.453+00:00,2026-08-09T08:37:31.788+00:00,1.335,2026-08-09T08:37:31.788+00:00,1.335,browser,exec,869,2787,False
1bc167b8e8f4,019fe59a-f2e6-7e83-8c6d-e3f45a2de84c,2026-08-09T08:37:46.368+00:00,2026-08-09T08:37:47.776+00:00,1.408,2026-08-09T08:37:47.776+00:00,1.408,browser,exec,927,6268,False
51d286bf3a61,019fe59a-f2e6-7e83-8c6d-e3f45a2de84c,2026-08-09T08:37:56.741+00:00,2026-08-09T08:37:56.836+00:00,0.095,2026-08-09T08:37:56.836+00:00,0.095,file_change,exec,348,124,False
12d04fbbe03e,019fe59a-f2e6-7e83-8c6d-e3f45a2de84c,2026-08-09T08:38:03.863+00:00,2026-08-09T08:38:08.148+00:00,4.285,2026-08-09T08:38:08.148+00:00,4.285,browser,exec,862,206,False
1ee93c0ece34,019fe59a-f2e6-7e83-8c6d-e3f45a2de84c,2026-08-09T08:38:11.974+00:00,2026-08-09T08:38:12.506+00:00,0.532,2026-08-09T08:38:12.506+00:00,0.532,other_exec,exec,106,469380,False
8029a84a2306,019fe59a-f2e6-7e83-8c6d-e3f45a2de84c,2026-08-09T08:38:16.575+00:00,2026-08-09T08:38:16.851+00:00,0.276,2026-08-09T08:38:16.851+00:00,0.276,other_exec,exec,105,135068,False
328b1601f486,019fe59a-f2e6-7e83-8c6d-e3f45a2de84c,2026-08-09T08:38:24.417+00:00,2026-08-09T08:38:24.496+00:00,0.079,2026-08-09T08:38:24.496+00:00,0.079,other_exec,exec,715,124,False
cbb42ba57620,019fe59a-f2e6-7e83-8c6d-e3f45a2de84c,2026-08-09T08:38:42.244+00:00,2026-08-09T08:38:42.408+00:00,0.164,2026-08-09T08:38:42.408+00:00,0.164,mcp_wrapper,exec,1495,963,False
878cc1d2ae4d,019fe59a-f2e6-7e83-8c6d-e3f45a2de84c,2026-08-09T08:38:57.561+00:00,2026-08-09T08:38:57.925+00:00,0.364,2026-08-09T08:38:57.925+00:00,0.364,mcp_wrapper,exec,2193,388,False
d92ba3a83d17,019fe5ad-c229-7480-8f40-d332341e753a,2026-08-09T08:40:06.975+00:00,2026-08-09T08:40:07.151+00:00,0.176,2026-08-09T08:40:07.151+00:00,0.176,read_search_git,exec,237,3384,False
92b91920b28a,019fe5ad-c229-7480-8f40-d332341e753a,2026-08-09T08:41:06.080+00:00,2026-08-09T08:41:06.215+00:00,0.135,2026-08-09T08:41:06.215+00:00,0.135,read_search_git,exec,231,9498,False
ea1c46fd8539,019fe5ad-c229-7480-8f40-d332341e753a,2026-08-09T08:41:07.715+00:00,2026-08-09T08:41:07.750+00:00,0.035,2026-08-09T08:41:07.750+00:00,0.035,native_subagent,list_agents,2,60,False
dc9b464d320e,019fe5ad-c229-7480-8f40-d332341e753a,2026-08-09T08:41:12.548+00:00,2026-08-09T08:41:12.710+00:00,0.162,2026-08-09T08:41:12.710+00:00,0.162,read_search_git,exec,394,6012,False
fa9053e72406,019fe5ad-c229-7480-8f40-d332341e753a,2026-08-09T08:41:16.882+00:00,2026-08-09T08:41:17.040+00:00,0.158,2026-08-09T08:41:17.040+00:00,0.158,read_search_git,exec,350,29766,False
6464f7963b90,019fe5ad-c229-7480-8f40-d332341e753a,2026-08-09T08:41:43.562+00:00,2026-08-09T08:41:43.673+00:00,0.111,2026-08-09T08:41:43.673+00:00,0.111,file_change,exec,5670,124,False
b1d9f43acbd5,019fe5ad-c229-7480-8f40-d332341e753a,2026-08-09T08:41:50.642+00:00,2026-08-09T08:41:50.775+00:00,0.133,2026-08-09T08:41:50.775+00:00,0.133,read_search_git,exec,292,13647,False
6e44e7ed30dd,019fe5ad-c229-7480-8f40-d332341e753a,2026-08-09T08:42:10.734+00:00,2026-08-09T08:42:10.839+00:00,0.105,2026-08-09T08:42:10.839+00:00,0.105,file_change,exec,3729,124,False
08c1ca703c19,019fe5ad-c229-7480-8f40-d332341e753a,2026-08-09T08:42:27.691+00:00,2026-08-09T08:42:27.869+00:00,0.178,2026-08-09T08:42:27.869+00:00,0.178,read_search_git,exec,1705,216,False
e3b89af82636,019fe5ad-c229-7480-8f40-d332341e753a,2026-08-09T08:42:41.418+00:00,2026-08-09T08:42:41.620+00:00,0.202,2026-08-09T08:42:41.620+00:00,0.202,read_search_git,exec,1684,332,False
7b3bb3c870f1,019fe5ad-c229-7480-8f40-d332341e753a,2026-08-09T08:42:46.865+00:00,2026-08-09T08:42:47.059+00:00,0.194,2026-08-09T08:42:47.059+00:00,0.194,browser,exec,249,943,False
d987e36eb58f,019fe5ad-c229-7480-8f40-d332341e753a,2026-08-09T08:42:54.577+00:00,2026-08-09T08:42:54.885+00:00,0.308,2026-08-09T08:42:54.885+00:00,0.308,browser,exec,605,24083,False
6d8bedad9b61,019fe5ad-c229-7480-8f40-d332341e753a,2026-08-09T08:43:02.845+00:00,2026-08-09T08:43:07.968+00:00,5.123,2026-08-09T08:43:07.968+00:00,5.123,browser,exec,1131,433,False
277096e09469,019fe5ad-c229-7480-8f40-d332341e753a,2026-08-09T08:43:13.565+00:00,2026-08-09T08:43:13.877+00:00,0.312,2026-08-09T08:43:13.877+00:00,0.312,other_exec,exec,90,132336,False
51510b08b4b6,019fe5ad-c229-7480-8f40-d332341e753a,2026-08-09T08:43:18.904+00:00,2026-08-09T08:43:18.995+00:00,0.091,2026-08-09T08:43:18.995+00:00,0.091,tool_discovery,exec,130,3274,False
2b4837e244dc,019fe5ad-c229-7480-8f40-d332341e753a,2026-08-09T08:43:30.769+00:00,2026-08-09T08:43:31.023+00:00,0.254,2026-08-09T08:43:31.023+00:00,0.254,network,exec,646,2568,False
178768ebcb42,019fe5ad-c229-7480-8f40-d332341e753a,2026-08-09T08:43:44.563+00:00,2026-08-09T08:43:44.934+00:00,0.371,2026-08-09T08:43:44.934+00:00,0.371,mcp_wrapper,exec,2348,388,False
5f07ab07fb61,019fe5b1-9e69-7051-99fb-55a3ccf26a06,2026-08-09T08:44:16.214+00:00,2026-08-09T08:44:16.359+00:00,0.145,2026-08-09T08:44:16.359+00:00,0.145,read_search_git,exec,342,5292,False
b45696fb0698,019fe5b1-9e69-7051-99fb-55a3ccf26a06,2026-08-09T08:44:22.321+00:00,2026-08-09T08:44:22.461+00:00,0.14,2026-08-09T08:44:22.461+00:00,0.14,read_search_git,exec,349,8270,False
ae56cb49ce93,019fe5b1-9e69-7051-99fb-55a3ccf26a06,2026-08-09T08:44:47.097+00:00,2026-08-09T08:44:47.237+00:00,0.14,2026-08-09T08:44:47.237+00:00,0.14,file_change,exec,5775,124,False
9373020f93c1,019fe5b1-9e69-7051-99fb-55a3ccf26a06,2026-08-09T08:45:02.243+00:00,2026-08-09T08:45:07.977+00:00,5.734,2026-08-09T08:45:07.977+00:00,5.734,browser,exec,2290,302,False
8e9cd5e6292e,019fe5b1-9e69-7051-99fb-55a3ccf26a06,2026-08-09T08:45:20.351+00:00,2026-08-09T08:45:20.660+00:00,0.309,2026-08-09T08:45:20.660+00:00,0.309,mcp_wrapper,exec,1931,388,False
161c68bde32f,019fe5b2-f3aa-7202-af0f-705b74365592,2026-08-09T08:45:49.276+00:00,2026-08-09T08:45:49.394+00:00,0.118,2026-08-09T08:45:49.394+00:00,0.118,file_change,exec,1377,124,False
91adb178d6bc,019fe5b2-f3aa-7202-af0f-705b74365592,2026-08-09T08:45:55.102+00:00,2026-08-09T08:45:55.177+00:00,0.075,2026-08-09T08:45:55.177+00:00,0.075,other_exec,exec,756,124,False
ba90c91af07a,019fe5b2-f3aa-7202-af0f-705b74365592,2026-08-09T08:46:14.840+00:00,2026-08-09T08:46:15.121+00:00,0.281,2026-08-09T08:46:15.121+00:00,0.281,read_search_git,exec,2512,568,False
730f142bef96,019fe5b2-f3aa-7202-af0f-705b74365592,2026-08-09T08:46:27.436+00:00,2026-08-09T08:46:27.644+00:00,0.208,2026-08-09T08:46:27.644+00:00,0.208,read_search_git,exec,427,846,False
7c5a57ac3bdb,019fe5b2-f3aa-7202-af0f-705b74365592,2026-08-09T08:46:34.082+00:00,2026-08-09T08:46:34.179+00:00,0.097,2026-08-09T08:46:34.179+00:00,0.097,other_exec,exec,765,124,False
b4ecb620ae6e,019fe5b2-f3aa-7202-af0f-705b74365592,2026-08-09T08:46:42.530+00:00,2026-08-09T08:46:42.746+00:00,0.216,2026-08-09T08:46:42.746+00:00,0.216,mcp_wrapper,exec,1152,318,False
04c852c89e82,019fe5cc-768f-7b72-be1a-29e043f6afdf,2026-08-09T09:14:24.801+00:00,2026-08-09T09:14:24.888+00:00,0.087,2026-08-09T09:14:24.888+00:00,0.087,tool_discovery,exec,97,1064,False
9995fef1db96,019fe5cc-768f-7b72-be1a-29e043f6afdf,2026-08-09T09:14:28.301+00:00,2026-08-09T09:14:28.502+00:00,0.201,2026-08-09T09:14:28.502+00:00,0.201,read_search_git,exec,244,381,False
f6a260afa53f,019fe5cc-768f-7b72-be1a-29e043f6afdf,2026-08-09T09:14:33.680+00:00,2026-08-09T09:14:34.614+00:00,0.934,2026-08-09T09:14:34.614+00:00,0.934,mcp_wrapper,exec,258,13384,False
b2bd4b97a020,019fe5cc-768f-7b72-be1a-29e043f6afdf,2026-08-09T09:14:46.989+00:00,2026-08-09T09:14:47.161+00:00,0.172,2026-08-09T09:14:47.161+00:00,0.172,read_search_git,exec,402,10982,False
7a9e431c2f58,019fe5cc-768f-7b72-be1a-29e043f6afdf,2026-08-09T09:16:07.540+00:00,2026-08-09T09:16:07.692+00:00,0.152,2026-08-09T09:16:07.692+00:00,0.152,read_search_git,exec,318,32898,False
64fe271bd937,019fe5cc-768f-7b72-be1a-29e043f6afdf,2026-08-09T09:16:13.434+00:00,2026-08-09T09:16:13.591+00:00,0.157,2026-08-09T09:16:13.591+00:00,0.157,read_search_git,exec,236,5960,False
9f30031e3cc5,019fe5cc-768f-7b72-be1a-29e043f6afdf,2026-08-09T09:17:40.517+00:00,2026-08-09T09:17:40.727+00:00,0.21,2026-08-09T09:17:40.727+00:00,0.21,read_search_git,exec,359,41377,False
e757cab7d111,019fe5cc-768f-7b72-be1a-29e043f6afdf,2026-08-09T09:18:27.707+00:00,2026-08-09T09:18:27.806+00:00,0.099,2026-08-09T09:18:27.806+00:00,0.099,file_change,exec,9276,124,False
b47f575d116a,019fe5cc-768f-7b72-be1a-29e043f6afdf,2026-08-09T09:20:40.159+00:00,2026-08-09T09:20:40.301+00:00,0.142,2026-08-09T09:20:40.301+00:00,0.142,file_change,exec,7161,124,False
20173f936169,019fe5cc-768f-7b72-be1a-29e043f6afdf,2026-08-09T09:20:50.213+00:00,2026-08-09T09:20:50.336+00:00,0.123,2026-08-09T09:20:50.336+00:00,0.123,file_change,exec,1548,124,False
7551ecbdb5ca,019fe5cc-768f-7b72-be1a-29e043f6afdf,2026-08-09T09:22:03.915+00:00,2026-08-09T09:22:04.040+00:00,0.125,2026-08-09T09:22:04.040+00:00,0.125,file_change,exec,3909,124,False
f6a5ca5dd153,019fe5cc-768f-7b72-be1a-29e043f6afdf,2026-08-09T09:22:15.070+00:00,2026-08-09T09:22:15.152+00:00,0.082,2026-08-09T09:22:15.152+00:00,0.082,file_change,exec,1185,124,False
462dc001d0e7,019fe5cc-768f-7b72-be1a-29e043f6afdf,2026-08-09T09:22:53.315+00:00,2026-08-09T09:22:53.429+00:00,0.114,2026-08-09T09:22:53.429+00:00,0.114,file_change,exec,5229,124,False
039c0d18e2c3,019fe5cc-768f-7b72-be1a-29e043f6afdf,2026-08-09T09:23:02.571+00:00,2026-08-09T09:23:09.129+00:00,6.558,2026-08-09T09:23:09.129+00:00,6.558,file_change,exec,1362,124,False
0e1b00573eff,019fe5cc-768f-7b72-be1a-29e043f6afdf,2026-08-09T09:23:23.746+00:00,2026-08-09T09:23:23.844+00:00,0.098,2026-08-09T09:23:23.844+00:00,0.098,file_change,exec,1495,124,False
723d53f70a4b,019fe5cc-768f-7b72-be1a-29e043f6afdf,2026-08-09T09:26:17.903+00:00,2026-08-09T09:26:18.046+00:00,0.143,2026-08-09T09:26:18.046+00:00,0.143,file_change,exec,26010,124,False
fcd3c3dd5c88,019fe5cc-768f-7b72-be1a-29e043f6afdf,2026-08-09T09:26:29.894+00:00,2026-08-09T09:26:30.051+00:00,0.157,2026-08-09T09:26:30.051+00:00,0.157,file_change,exec,2233,124,False
73012edb23c0,019fe5cc-768f-7b72-be1a-29e043f6afdf,2026-08-09T09:26:37.749+00:00,2026-08-09T09:26:37.920+00:00,0.171,2026-08-09T09:26:37.920+00:00,0.171,read_search_git,exec,497,9609,False
8889a7bc7be0,019fe5cc-768f-7b72-be1a-29e043f6afdf,2026-08-09T09:26:53.597+00:00,2026-08-09T09:26:53.769+00:00,0.172,2026-08-09T09:26:53.769+00:00,0.172,read_search_git,exec,293,1560,False
762dcc7b3e6b,019fe5cc-768f-7b72-be1a-29e043f6afdf,2026-08-09T09:26:57.960+00:00,2026-08-09T09:26:58.098+00:00,0.138,2026-08-09T09:26:58.098+00:00,0.138,read_search_git,exec,248,2535,False
c4ac1821505c,019fe5cc-768f-7b72-be1a-29e043f6afdf,2026-08-09T09:27:19.992+00:00,2026-08-09T09:27:20.090+00:00,0.098,2026-08-09T09:27:20.090+00:00,0.098,file_change,exec,4001,397,False
aec2c067310c,019fe5cc-768f-7b72-be1a-29e043f6afdf,2026-08-09T09:27:24.244+00:00,2026-08-09T09:27:24.419+00:00,0.175,2026-08-09T09:27:24.419+00:00,0.175,read_search_git,exec,359,8032,False
f3e7a0128cf4,019fe5cc-768f-7b72-be1a-29e043f6afdf,2026-08-09T09:27:45.382+00:00,2026-08-09T09:27:45.513+00:00,0.131,2026-08-09T09:27:45.513+00:00,0.131,file_change,exec,3909,124,False
4b02b9b58b7e,019fe5cc-768f-7b72-be1a-29e043f6afdf,2026-08-09T09:28:09.233+00:00,2026-08-09T09:28:09.441+00:00,0.208,2026-08-09T09:28:09.441+00:00,0.208,file_change,exec,3917,124,False
d18919dc1449,019fe5cc-768f-7b72-be1a-29e043f6afdf,2026-08-09T09:28:18.570+00:00,2026-08-09T09:28:18.718+00:00,0.148,2026-08-09T09:28:18.718+00:00,0.148,read_search_git,exec,258,400,False
82f0fba4bb90,019fe5cc-768f-7b72-be1a-29e043f6afdf,2026-08-09T09:28:36.730+00:00,2026-08-09T09:28:36.845+00:00,0.115,2026-08-09T09:28:36.845+00:00,0.115,file_change,exec,3107,124,False
afe1bd001ab4,019fe5cc-768f-7b72-be1a-29e043f6afdf,2026-08-09T09:38:01.792+00:00,2026-08-09T09:38:01.902+00:00,0.11,2026-08-09T09:38:01.902+00:00,0.11,file_change,exec,2352,473,False
9e492026c489,019fe5cc-768f-7b72-be1a-29e043f6afdf,2026-08-09T09:38:07.748+00:00,2026-08-09T09:38:07.881+00:00,0.133,2026-08-09T09:38:07.881+00:00,0.133,read_search_git,exec,248,4820,False
65124aaa9719,019fe5cc-768f-7b72-be1a-29e043f6afdf,2026-08-09T09:38:21.737+00:00,2026-08-09T09:38:21.824+00:00,0.087,2026-08-09T09:38:21.824+00:00,0.087,file_change,exec,2422,124,False
24d0b69240b8,019fe5cc-768f-7b72-be1a-29e043f6afdf,2026-08-09T09:38:32.529+00:00,2026-08-09T09:38:32.622+00:00,0.093,2026-08-09T09:38:32.622+00:00,0.093,file_change,exec,1373,124,False
a24183edf86b,019fe5cc-768f-7b72-be1a-29e043f6afdf,2026-08-09T09:44:09.818+00:00,2026-08-09T09:44:09.942+00:00,0.124,2026-08-09T09:44:09.942+00:00,0.124,file_change,exec,4539,124,False
acdf47f755c7,019fe5cc-768f-7b72-be1a-29e043f6afdf,2026-08-09T09:44:22.797+00:00,2026-08-09T09:44:22.921+00:00,0.124,2026-08-09T09:44:22.921+00:00,0.124,file_change,exec,1714,124,False
9ce4fe337d83,019fe5cc-768f-7b72-be1a-29e043f6afdf,2026-08-09T09:44:27.350+00:00,2026-08-09T09:44:27.524+00:00,0.174,2026-08-09T09:44:27.524+00:00,0.174,read_search_git,exec,248,5072,False
8191e29fbc25,019fe5cc-768f-7b72-be1a-29e043f6afdf,2026-08-09T09:44:38.595+00:00,2026-08-09T09:44:38.716+00:00,0.121,2026-08-09T09:44:38.716+00:00,0.121,file_change,exec,1409,124,False
adf176d4437c,019fe5cc-768f-7b72-be1a-29e043f6afdf,2026-08-09T09:44:47.839+00:00,2026-08-09T09:44:47.964+00:00,0.125,2026-08-09T09:44:47.964+00:00,0.125,read_search_git,exec,249,8299,False
b6ffbdf5f212,019fe5cc-768f-7b72-be1a-29e043f6afdf,2026-08-09T09:45:45.229+00:00,2026-08-09T09:45:45.396+00:00,0.167,2026-08-09T09:45:45.396+00:00,0.167,file_change,exec,12231,124,False
c6788a3d81a1,019fe5cc-768f-7b72-be1a-29e043f6afdf,2026-08-09T09:45:58.026+00:00,2026-08-09T09:45:58.232+00:00,0.206,2026-08-09T09:45:58.232+00:00,0.206,read_search_git,exec,750,10017,False
68f137c0f8a6,019fe5cc-768f-7b72-be1a-29e043f6afdf,2026-08-09T09:46:44.415+00:00,2026-08-09T09:46:44.526+00:00,0.111,2026-08-09T09:46:44.526+00:00,0.111,file_change,exec,3928,763,False
8d68d5a3e9cf,019fe5cc-768f-7b72-be1a-29e043f6afdf,2026-08-09T09:46:50.642+00:00,2026-08-09T09:46:50.790+00:00,0.148,2026-08-09T09:46:50.790+00:00,0.148,read_search_git,exec,320,13103,False
148eba38f162,019fe5cc-768f-7b72-be1a-29e043f6afdf,2026-08-09T09:46:56.700+00:00,2026-08-09T09:46:56.877+00:00,0.177,2026-08-09T09:46:56.877+00:00,0.177,file_change,exec,918,414,False
e4dc18f78465,019fe5cc-768f-7b72-be1a-29e043f6afdf,2026-08-09T09:47:04.585+00:00,2026-08-09T09:47:04.726+00:00,0.141,2026-08-09T09:47:04.726+00:00,0.141,file_change,exec,1084,124,False
60c5134a5dff,019fe5cc-768f-7b72-be1a-29e043f6afdf,2026-08-09T09:47:11.278+00:00,2026-08-09T09:47:11.393+00:00,0.115,2026-08-09T09:47:11.393+00:00,0.115,file_change,exec,1038,124,False
cdf16cdbaeb5,019fe5cc-768f-7b72-be1a-29e043f6afdf,2026-08-09T09:47:17.621+00:00,2026-08-09T09:47:17.713+00:00,0.092,2026-08-09T09:47:17.713+00:00,0.092,file_change,exec,993,124,False
8d0252c2dda5,019fe5cc-768f-7b72-be1a-29e043f6afdf,2026-08-09T09:47:27.248+00:00,2026-08-09T09:47:27.358+00:00,0.11,2026-08-09T09:47:27.358+00:00,0.11,file_change,exec,835,124,False
957734eb6c8f,019fe5cc-768f-7b72-be1a-29e043f6afdf,2026-08-09T09:47:33.276+00:00,2026-08-09T09:47:33.414+00:00,0.138,2026-08-09T09:47:33.414+00:00,0.138,file_change,exec,822,124,False
2ea5eae31e86,019fe5cc-768f-7b72-be1a-29e043f6afdf,2026-08-09T09:47:45.336+00:00,2026-08-09T09:47:45.505+00:00,0.169,2026-08-09T09:47:45.505+00:00,0.169,file_change,exec,1448,124,False
5c3409798640,019fe5cc-768f-7b72-be1a-29e043f6afdf,2026-08-09T09:47:49.517+00:00,2026-08-09T09:47:49.675+00:00,0.158,2026-08-09T09:47:49.675+00:00,0.158,shell_other,exec,241,3554,False
e5743d2da8ec,019fe5cc-768f-7b72-be1a-29e043f6afdf,2026-08-09T09:48:05.097+00:00,2026-08-09T09:48:05.218+00:00,0.121,2026-08-09T09:48:05.218+00:00,0.121,file_change,exec,1845,124,False
7932d6bdef1c,019fe5cc-768f-7b72-be1a-29e043f6afdf,2026-08-09T09:48:45.774+00:00,2026-08-09T09:48:45.949+00:00,0.175,2026-08-09T09:48:45.949+00:00,0.175,file_change,exec,797,124,False
553f097d5163,019fe5cc-768f-7b72-be1a-29e043f6afdf,2026-08-09T09:49:00.841+00:00,2026-08-09T09:49:01.226+00:00,0.385,2026-08-09T09:49:01.226+00:00,0.385,read_search_git,exec,1854,18648,False
cd59a522dc39,019fe5cc-768f-7b72-be1a-29e043f6afdf,2026-08-09T09:49:12.772+00:00,2026-08-09T09:49:12.866+00:00,0.094,2026-08-09T09:49:12.866+00:00,0.094,file_change,exec,931,124,False
1cb5006869cc,019fe5cc-768f-7b72-be1a-29e043f6afdf,2026-08-09T09:49:17.177+00:00,2026-08-09T09:49:17.272+00:00,0.095,2026-08-09T09:49:17.272+00:00,0.095,file_change,exec,458,124,False
6541f5071632,019fe5cc-768f-7b72-be1a-29e043f6afdf,2026-08-09T09:49:24.653+00:00,2026-08-09T09:49:24.779+00:00,0.126,2026-08-09T09:49:24.779+00:00,0.126,file_change,exec,629,124,False
89c203ae4894,019fe5cc-768f-7b72-be1a-29e043f6afdf,2026-08-09T09:50:07.204+00:00,2026-08-09T09:50:07.343+00:00,0.139,2026-08-09T09:50:07.343+00:00,0.139,file_change,exec,1902,124,False
67cc967310f2,019fe5cc-768f-7b72-be1a-29e043f6afdf,2026-08-09T09:50:21.900+00:00,2026-08-09T09:50:22.022+00:00,0.122,2026-08-09T09:50:22.022+00:00,0.122,file_change,exec,799,124,False
fe6e9a94c869,019fe5cc-768f-7b72-be1a-29e043f6afdf,2026-08-09T09:50:41.199+00:00,2026-08-09T09:50:41.477+00:00,0.278,2026-08-09T09:50:41.477+00:00,0.278,read_search_git,exec,2720,613,False
d6ebf8bcb782,019fe5cc-768f-7b72-be1a-29e043f6afdf,2026-08-09T09:50:50.539+00:00,2026-08-09T09:50:55.983+00:00,5.444,2026-08-09T09:50:55.983+00:00,5.444,browser,exec,1193,465,False
d62e479ec8a6,019fe5cc-768f-7b72-be1a-29e043f6afdf,2026-08-09T09:51:00.061+00:00,2026-08-09T09:51:00.798+00:00,0.737,2026-08-09T09:51:00.798+00:00,0.737,other_exec,exec,97,441656,False
fe84fea3bced,019fe5cc-768f-7b72-be1a-29e043f6afdf,2026-08-09T09:51:03.657+00:00,2026-08-09T09:51:04.009+00:00,0.352,2026-08-09T09:51:04.009+00:00,0.352,other_exec,exec,96,122444,False
c37cdcde6c71,019fe5cc-768f-7b72-be1a-29e043f6afdf,2026-08-09T09:51:12.395+00:00,2026-08-09T09:51:12.491+00:00,0.096,2026-08-09T09:51:12.491+00:00,0.096,other_exec,exec,802,124,False
8284cb78ec22,019fe5cc-768f-7b72-be1a-29e043f6afdf,2026-08-09T09:51:30.029+00:00,2026-08-09T09:51:30.429+00:00,0.4,2026-08-09T09:51:30.429+00:00,0.4,mcp_wrapper,exec,2740,388,False
032982ea0548,019fe5f0-0e4c-7a30-a775-de93381ec714,2026-08-09T09:52:34.959+00:00,2026-08-09T09:52:35.122+00:00,0.163,2026-08-09T09:52:35.122+00:00,0.163,read_search_git,exec,388,14251,False
c5cde8d89eec,019fe5f0-0e4c-7a30-a775-de93381ec714,2026-08-09T09:52:49.018+00:00,2026-08-09T09:52:49.145+00:00,0.127,2026-08-09T09:52:49.145+00:00,0.127,file_change,exec,3034,124,False
197bd93d6cb0,019fe5f0-0e4c-7a30-a775-de93381ec714,2026-08-09T09:53:38.600+00:00,2026-08-09T09:53:38.841+00:00,0.241,2026-08-09T09:53:38.841+00:00,0.241,file_change,exec,2484,124,False
370198e8f627,019fe5f0-0e4c-7a30-a775-de93381ec714,2026-08-09T09:53:52.338+00:00,2026-08-09T09:53:52.449+00:00,0.111,2026-08-09T09:53:52.449+00:00,0.111,file_change,exec,1774,124,False
20c60ad55cc2,019fe5f0-0e4c-7a30-a775-de93381ec714,2026-08-09T09:54:05.473+00:00,2026-08-09T09:54:05.615+00:00,0.142,2026-08-09T09:54:05.615+00:00,0.142,file_change,exec,2480,124,False
f6039287b784,019fe5f0-0e4c-7a30-a775-de93381ec714,2026-08-09T09:54:19.163+00:00,2026-08-09T09:54:19.438+00:00,0.275,2026-08-09T09:54:19.438+00:00,0.275,read_search_git,exec,1839,355,False
161ed43db30c,019fe5f0-0e4c-7a30-a775-de93381ec714,2026-08-09T09:54:32.152+00:00,2026-08-09T09:54:32.611+00:00,0.459,2026-08-09T09:54:32.611+00:00,0.459,mcp_wrapper,exec,2026,388,False
83b1a7f53bb8,019fe5f2-abaa-7240-b34e-9f355926ec91,2026-08-09T09:56:07.588+00:00,2026-08-09T09:56:07.692+00:00,0.104,2026-08-09T09:56:07.692+00:00,0.104,file_change,exec,5721,124,False
46973f4d63b3,019fe5f2-abaa-7240-b34e-9f355926ec91,2026-08-09T09:56:24.157+00:00,2026-08-09T09:56:24.436+00:00,0.279,2026-08-09T09:56:24.436+00:00,0.279,read_search_git,exec,1407,286,False
9e037bbc66ff,019fe5f2-abaa-7240-b34e-9f355926ec91,2026-08-09T09:56:39.592+00:00,2026-08-09T09:56:40.266+00:00,0.674,2026-08-09T09:56:40.266+00:00,0.674,mcp_wrapper,exec,1806,388,False
0ea31b409a2a,019fe5f4-79f5-73f3-ba22-fa8879d4867f,2026-08-09T09:57:45.854+00:00,2026-08-09T09:57:45.988+00:00,0.134,2026-08-09T09:57:45.988+00:00,0.134,file_change,exec,3978,124,False
00ac6833a7d0,019fe5f4-79f5-73f3-ba22-fa8879d4867f,2026-08-09T09:58:02.621+00:00,2026-08-09T09:58:02.906+00:00,0.285,2026-08-09T09:58:02.906+00:00,0.285,read_search_git,exec,1354,233,False
6612e04194bb,019fe5f4-79f5-73f3-ba22-fa8879d4867f,2026-08-09T09:58:15.145+00:00,2026-08-09T09:58:15.663+00:00,0.518,2026-08-09T09:58:15.663+00:00,0.518,mcp_wrapper,exec,1724,388,False
9af78e52be83,019fe5f5-f1d9-7853-8773-b10bedeb7b48,2026-08-09T09:59:35.610+00:00,2026-08-09T09:59:35.733+00:00,0.123,2026-08-09T09:59:35.733+00:00,0.123,file_change,exec,6398,124,False
f11d0d44ca1e,019fe5f5-f1d9-7853-8773-b10bedeb7b48,2026-08-09T09:59:44.173+00:00,2026-08-09T09:59:44.531+00:00,0.358,2026-08-09T09:59:44.531+00:00,0.358,read_search_git,exec,235,2943,False
3b4b7ab064a8,019fe5f5-f1d9-7853-8773-b10bedeb7b48,2026-08-09T09:59:48.343+00:00,2026-08-09T09:59:48.500+00:00,0.157,2026-08-09T09:59:48.500+00:00,0.157,read_search_git,exec,235,2735,False
5612a0032901,019fe5f5-f1d9-7853-8773-b10bedeb7b48,2026-08-09T09:59:55.985+00:00,2026-08-09T09:59:56.072+00:00,0.087,2026-08-09T09:59:56.072+00:00,0.087,file_change,exec,594,124,False
0095c14b36dc,019fe5f5-f1d9-7853-8773-b10bedeb7b48,2026-08-09T10:00:04.096+00:00,2026-08-09T10:00:04.573+00:00,0.477,2026-08-09T10:00:04.573+00:00,0.477,read_search_git,exec,457,1506,False
4e2f9453959d,019fe5f5-f1d9-7853-8773-b10bedeb7b48,2026-08-09T10:00:16.980+00:00,2026-08-09T10:00:17.286+00:00,0.306,2026-08-09T10:00:17.286+00:00,0.306,mcp_wrapper,exec,1648,388,False
72b447ec5846,019fe5f7-dbe3-78c0-9d7f-afd0309a5ba6,2026-08-09T10:01:08.668+00:00,2026-08-09T10:01:08.784+00:00,0.116,2026-08-09T10:01:08.784+00:00,0.116,file_change,exec,2345,124,False
913aa27b2035,019fe5f7-dbe3-78c0-9d7f-afd0309a5ba6,2026-08-09T10:01:15.705+00:00,2026-08-09T10:01:15.801+00:00,0.096,2026-08-09T10:01:15.801+00:00,0.096,file_change,exec,745,124,False
a867fa9a0c83,019fe5f7-dbe3-78c0-9d7f-afd0309a5ba6,2026-08-09T10:01:25.003+00:00,2026-08-09T10:01:25.225+00:00,0.222,2026-08-09T10:01:25.225+00:00,0.222,read_search_git,exec,1079,668,False
2f9528f4c6d7,019fe5f7-dbe3-78c0-9d7f-afd0309a5ba6,2026-08-09T10:01:37.315+00:00,2026-08-09T10:01:37.632+00:00,0.317,2026-08-09T10:01:37.632+00:00,0.317,mcp_wrapper,exec,1435,388,False
642cd4b636c3,019fe5f8-d912-7f42-b28a-74a948c949cc,2026-08-09T10:02:14.580+00:00,2026-08-09T10:02:14.757+00:00,0.177,2026-08-09T10:02:14.757+00:00,0.177,file_change,exec,1770,124,False
f25f339d04c8,019fe5f8-d912-7f42-b28a-74a948c949cc,2026-08-09T10:02:26.191+00:00,2026-08-09T10:02:26.510+00:00,0.319,2026-08-09T10:02:26.510+00:00,0.319,mcp_wrapper,exec,1431,388,False
079eed4a5917,019fe5f9-84c6-70f2-bbf1-40810feeceee,2026-08-09T10:02:53.364+00:00,2026-08-09T10:02:53.515+00:00,0.151,2026-08-09T10:02:53.515+00:00,0.151,file_change,exec,934,124,False
6a89628b4644,019fe5f9-84c6-70f2-bbf1-40810feeceee,2026-08-09T10:03:20.897+00:00,2026-08-09T10:03:26.809+00:00,5.912,2026-08-09T10:03:26.809+00:00,5.912,browser,exec,3800,1060,False
f1d7020850ca,019fe5f9-84c6-70f2-bbf1-40810feeceee,2026-08-09T10:03:40.490+00:00,2026-08-09T10:03:40.688+00:00,0.198,2026-08-09T10:03:40.688+00:00,0.198,read_search_git,exec,433,578,False
fe673987e43a,019fe5f9-84c6-70f2-bbf1-40810feeceee,2026-08-09T10:04:25.690+00:00,2026-08-09T10:04:25.758+00:00,0.068,2026-08-09T10:04:25.758+00:00,0.068,tool_discovery,exec,104,1372,False
bbb74761ce8b,019fe5f9-84c6-70f2-bbf1-40810feeceee,2026-08-09T10:04:35.406+00:00,2026-08-09T10:04:35.453+00:00,0.047,2026-08-09T10:04:35.453+00:00,0.047,native_subagent,list_agents,2,60,False
07783dbadb34,019fe5f9-84c6-70f2-bbf1-40810feeceee,2026-08-09T10:04:41.757+00:00,2026-08-09T10:04:41.924+00:00,0.167,2026-08-09T10:04:41.924+00:00,0.167,read_search_git,exec,290,12150,False
dedb713607be,019fe5f9-84c6-70f2-bbf1-40810feeceee,2026-08-09T10:04:45.005+00:00,2026-08-09T10:04:46.211+00:00,1.206,2026-08-09T10:04:46.211+00:00,1.206,mcp_wrapper,exec,264,5837,False
2d69de954a23,019fe5f9-84c6-70f2-bbf1-40810feeceee,2026-08-09T10:04:51.734+00:00,2026-08-09T10:04:51.861+00:00,0.127,2026-08-09T10:04:51.861+00:00,0.127,mcp_wrapper,exec,509,159,False
5416662b7a47,019fe5f9-84c6-70f2-bbf1-40810feeceee,2026-08-09T10:04:59.269+00:00,2026-08-09T10:04:59.577+00:00,0.308,2026-08-09T10:04:59.577+00:00,0.308,other_exec,exec,617,124,False
6b9c433ffe84,019fe5f9-84c6-70f2-bbf1-40810feeceee,2026-08-09T10:05:05.333+00:00,2026-08-09T10:05:05.556+00:00,0.223,2026-08-09T10:05:05.556+00:00,0.223,read_search_git,exec,465,3089,False
a354cccc3059,019fe5f9-84c6-70f2-bbf1-40810feeceee,2026-08-09T10:05:10.911+00:00,2026-08-09T10:05:11.035+00:00,0.124,2026-08-09T10:05:11.035+00:00,0.124,read_search_git,exec,246,22449,False
05e88fa745f5,019fe5f9-84c6-70f2-bbf1-40810feeceee,2026-08-09T10:05:16.669+00:00,2026-08-09T10:05:16.825+00:00,0.156,2026-08-09T10:05:16.825+00:00,0.156,read_search_git,exec,248,22099,False
0bec09f3332c,019fe5f9-84c6-70f2-bbf1-40810feeceee,2026-08-09T10:05:20.198+00:00,2026-08-09T10:05:20.329+00:00,0.131,2026-08-09T10:05:20.329+00:00,0.131,read_search_git,exec,248,18751,False
6ad0d2f7a649,019fe5f9-84c6-70f2-bbf1-40810feeceee,2026-08-09T10:05:25.334+00:00,2026-08-09T10:05:25.513+00:00,0.179,2026-08-09T10:05:25.513+00:00,0.179,read_search_git,exec,352,12341,False
063a950af129,019fe5f9-84c6-70f2-bbf1-40810feeceee,2026-08-09T10:05:34.341+00:00,2026-08-09T10:05:40.206+00:00,5.865,2026-08-09T10:05:40.206+00:00,5.865,read_search_git,exec,426,5446,False
42017a61e411,019fe5f9-84c6-70f2-bbf1-40810feeceee,2026-08-09T10:05:58.011+00:00,2026-08-09T10:05:58.155+00:00,0.144,2026-08-09T10:05:58.155+00:00,0.144,read_search_git,exec,351,13941,False
1a0d739e1196,019fe5f9-84c6-70f2-bbf1-40810feeceee,2026-08-09T10:06:06.455+00:00,2026-08-09T10:06:06.682+00:00,0.227,2026-08-09T10:06:06.682+00:00,0.227,read_search_git,exec,407,8546,False
890d73d8d5d1,019fe5f9-84c6-70f2-bbf1-40810feeceee,2026-08-09T10:06:10.871+00:00,2026-08-09T10:06:11.003+00:00,0.132,2026-08-09T10:06:11.003+00:00,0.132,shell_other,exec,276,122,False
d24a22ed27ca,019fe5f9-84c6-70f2-bbf1-40810feeceee,2026-08-09T10:07:33.198+00:00,2026-08-09T10:07:33.307+00:00,0.109,2026-08-09T10:07:33.307+00:00,0.109,file_change,exec,15218,124,False
73c3ef44831b,019fe5f9-84c6-70f2-bbf1-40810feeceee,2026-08-09T10:09:18.736+00:00,2026-08-09T10:09:18.839+00:00,0.103,2026-08-09T10:09:18.839+00:00,0.103,file_change,exec,20795,124,False
0078b72bdaf5,019fe5f9-84c6-70f2-bbf1-40810feeceee,2026-08-09T10:10:36.245+00:00,2026-08-09T10:10:36.367+00:00,0.122,2026-08-09T10:10:36.367+00:00,0.122,file_change,exec,13917,124,False
a15402dcac96,019fe5f9-84c6-70f2-bbf1-40810feeceee,2026-08-09T10:11:54.210+00:00,2026-08-09T10:11:54.378+00:00,0.168,2026-08-09T10:11:54.378+00:00,0.168,file_change,exec,15257,124,False
a89604e4b2e7,019fe5f9-84c6-70f2-bbf1-40810feeceee,2026-08-09T10:13:03.421+00:00,2026-08-09T10:13:03.544+00:00,0.123,2026-08-09T10:13:03.544+00:00,0.123,file_change,exec,5872,124,False
225fdca920b5,019fe5f9-84c6-70f2-bbf1-40810feeceee,2026-08-09T10:14:24.284+00:00,2026-08-09T10:14:24.377+00:00,0.093,2026-08-09T10:14:24.377+00:00,0.093,file_change,exec,15680,124,False
58c2412dd389,019fe5f9-84c6-70f2-bbf1-40810feeceee,2026-08-09T10:15:13.686+00:00,2026-08-09T10:15:13.944+00:00,0.258,2026-08-09T10:15:13.944+00:00,0.258,file_change,exec,9158,124,False
7b99f2e19fd6,019fe5f9-84c6-70f2-bbf1-40810feeceee,2026-08-09T10:15:51.146+00:00,2026-08-09T10:15:51.257+00:00,0.111,2026-08-09T10:15:51.257+00:00,0.111,file_change,exec,1498,124,False
94e34755927c,019fe5f9-84c6-70f2-bbf1-40810feeceee,2026-08-09T10:22:08.059+00:00,2026-08-09T10:22:08.209+00:00,0.15,2026-08-09T10:22:08.209+00:00,0.15,file_change,exec,38551,124,False
81a093900977,019fe5f9-84c6-70f2-bbf1-40810feeceee,2026-08-09T10:22:16.757+00:00,2026-08-09T10:22:21.374+00:00,4.617,2026-08-09T10:22:21.374+00:00,4.617,shell_other,exec,325,1858,False
8b2bfb169ba3,019fe5f9-84c6-70f2-bbf1-40810feeceee,2026-08-09T10:22:25.588+00:00,2026-08-09T10:22:29.144+00:00,3.556,2026-08-09T10:22:29.144+00:00,3.556,shell_other,exec,465,1601,False
8d73115046f4,019fe5f9-84c6-70f2-bbf1-40810feeceee,2026-08-09T10:22:36.564+00:00,2026-08-09T10:22:40.061+00:00,3.497,2026-08-09T10:22:40.061+00:00,3.497,shell_other,exec,328,1211,False
bb25c850cf37,019fe5f9-84c6-70f2-bbf1-40810feeceee,2026-08-09T10:23:06.528+00:00,2026-08-09T10:23:06.621+00:00,0.093,2026-08-09T10:23:06.621+00:00,0.093,file_change,exec,5011,124,False
862fda99115d,019fe5f9-84c6-70f2-bbf1-40810feeceee,2026-08-09T10:23:58.196+00:00,2026-08-09T10:23:58.358+00:00,0.162,2026-08-09T10:23:58.358+00:00,0.162,file_change,exec,9160,124,False
d0704b180560,019fe5f9-84c6-70f2-bbf1-40810feeceee,2026-08-09T10:24:01.783+00:00,2026-08-09T10:24:02.128+00:00,0.345,2026-08-09T10:24:02.128+00:00,0.345,test,exec,292,240,False
7f1c8e81171a,019fe5f9-84c6-70f2-bbf1-40810feeceee,2026-08-09T10:24:11.189+00:00,2026-08-09T10:24:14.997+00:00,3.808,2026-08-09T10:24:14.997+00:00,3.808,shell_other,exec,1023,261,False
a80619fec214,019fe5f9-84c6-70f2-bbf1-40810feeceee,2026-08-09T10:25:01.880+00:00,2026-08-09T10:25:02.256+00:00,0.376,2026-08-09T10:25:02.256+00:00,0.376,file_change,exec,4388,124,False
8bb39762e145,019fe5f9-84c6-70f2-bbf1-40810feeceee,2026-08-09T10:25:07.965+00:00,2026-08-09T10:25:11.523+00:00,3.558,2026-08-09T10:25:11.523+00:00,3.558,shell_other,exec,490,890,False
bf2f1312f435,019fe5f9-84c6-70f2-bbf1-40810feeceee,2026-08-09T10:25:19.999+00:00,2026-08-09T10:25:20.107+00:00,0.108,2026-08-09T10:25:20.107+00:00,0.108,file_change,exec,677,124,False
e84236f08a10,019fe5f9-84c6-70f2-bbf1-40810feeceee,2026-08-09T10:33:23.723+00:00,2026-08-09T10:33:23.847+00:00,0.124,2026-08-09T10:33:23.847+00:00,0.124,file_change,exec,16896,124,False
277bfb1d8042,019fe5f9-84c6-70f2-bbf1-40810feeceee,2026-08-09T10:34:14.274+00:00,2026-08-09T10:34:14.432+00:00,0.158,2026-08-09T10:34:14.432+00:00,0.158,file_change,exec,7991,124,False
a3cc335a0c01,019fe5f9-84c6-70f2-bbf1-40810feeceee,2026-08-09T10:35:36.454+00:00,2026-08-09T10:35:36.622+00:00,0.168,2026-08-09T10:35:36.622+00:00,0.168,file_change,exec,14203,124,False
0c1fc019502b,019fe5f9-84c6-70f2-bbf1-40810feeceee,2026-08-09T10:36:28.895+00:00,2026-08-09T10:36:29.044+00:00,0.149,2026-08-09T10:36:29.044+00:00,0.149,file_change,exec,7735,124,False
b0eedd301b28,019fe5f9-84c6-70f2-bbf1-40810feeceee,2026-08-09T10:39:58.499+00:00,2026-08-09T10:39:58.632+00:00,0.133,2026-08-09T10:39:58.632+00:00,0.133,file_change,exec,15003,124,False
079de52901ea,019fe5f9-84c6-70f2-bbf1-40810feeceee,2026-08-09T10:40:58.282+00:00,2026-08-09T10:40:58.418+00:00,0.136,2026-08-09T10:40:58.418+00:00,0.136,file_change,exec,8883,124,False
e7a613fdb5f7,019fe5f9-84c6-70f2-bbf1-40810feeceee,2026-08-09T10:41:02.562+00:00,2026-08-09T10:41:12.479+00:00,9.917,2026-08-09T10:41:12.479+00:00,9.917,test,exec,332,1825,False
a98f204d9836,019fe5f9-84c6-70f2-bbf1-40810feeceee,2026-08-09T10:41:22.387+00:00,2026-08-09T10:41:22.486+00:00,0.099,2026-08-09T10:41:22.486+00:00,0.099,file_change,exec,529,124,False
84625cb2f7c4,019fe5f9-84c6-70f2-bbf1-40810feeceee,2026-08-09T10:41:28.223+00:00,2026-08-09T10:41:39.299+00:00,11.076,2026-08-09T10:41:45.247+00:00,17.024,test,exec,332,63,True
a8fbbfd03c01,019fe5f9-84c6-70f2-bbf1-40810feeceee,2026-08-09T10:41:45.221+00:00,2026-08-09T10:41:45.247+00:00,0.026,2026-08-09T10:41:45.247+00:00,0.026,wait_resume,wait,58,345,False
5f50551b83b9,019fe5f9-84c6-70f2-bbf1-40810feeceee,2026-08-09T10:42:24.463+00:00,2026-08-09T10:42:24.625+00:00,0.162,2026-08-09T10:42:24.625+00:00,0.162,shell_other,exec,317,130,False
f8ef469d942c,019fe5f9-84c6-70f2-bbf1-40810feeceee,2026-08-09T10:43:10.410+00:00,2026-08-09T10:43:10.526+00:00,0.116,2026-08-09T10:43:10.526+00:00,0.116,file_change,exec,7198,124,False
e3bc6c9d4d13,019fe5f9-84c6-70f2-bbf1-40810feeceee,2026-08-09T10:43:30.217+00:00,2026-08-09T10:43:30.346+00:00,0.129,2026-08-09T10:43:30.346+00:00,0.129,read_search_git,exec,322,12287,False
f9765f9e302c,019fe5f9-84c6-70f2-bbf1-40810feeceee,2026-08-09T10:43:42.455+00:00,2026-08-09T10:43:42.559+00:00,0.104,2026-08-09T10:43:42.559+00:00,0.104,file_change,exec,995,124,False
4337c62a1cb0,019fe5f9-84c6-70f2-bbf1-40810feeceee,2026-08-09T10:43:47.445+00:00,2026-08-09T10:43:58.508+00:00,11.063,2026-08-09T10:44:03.318+00:00,15.873,test,exec,332,63,True
4010bc9bdcfc,019fe5f9-84c6-70f2-bbf1-40810feeceee,2026-08-09T10:44:00.642+00:00,2026-08-09T10:44:03.318+00:00,2.676,2026-08-09T10:44:03.318+00:00,2.676,wait_resume,wait,58,6149,False
0e86d8540c6e,019fe5f9-84c6-70f2-bbf1-40810feeceee,2026-08-09T10:44:14.377+00:00,2026-08-09T10:44:14.525+00:00,0.148,2026-08-09T10:44:14.525+00:00,0.148,file_change,exec,1157,124,False
3aab1366e309,019fe5f9-84c6-70f2-bbf1-40810feeceee,2026-08-09T10:44:19.980+00:00,2026-08-09T10:44:30.569+00:00,10.589,2026-08-09T10:44:30.569+00:00,10.589,test,exec,332,346,False
d40cfd9e5b1e,019fe5f9-84c6-70f2-bbf1-40810feeceee,2026-08-09T10:44:45.464+00:00,2026-08-09T10:44:45.726+00:00,0.262,2026-08-09T10:44:45.726+00:00,0.262,read_search_git,exec,322,5320,False
495e494925e3,019fe5f9-84c6-70f2-bbf1-40810feeceee,2026-08-09T10:44:50.774+00:00,2026-08-09T10:44:50.971+00:00,0.197,2026-08-09T10:44:50.971+00:00,0.197,read_search_git,exec,283,695,False
9b8eceeb1a67,019fe5f9-84c6-70f2-bbf1-40810feeceee,2026-08-09T10:44:58.258+00:00,2026-08-09T10:44:58.406+00:00,0.148,2026-08-09T10:44:58.406+00:00,0.148,shell_other,exec,481,1584,False
8f6cd1ea338e,019fe5f9-84c6-70f2-bbf1-40810feeceee,2026-08-09T10:45:22.117+00:00,2026-08-09T10:45:22.234+00:00,0.117,2026-08-09T10:45:22.234+00:00,0.117,file_change,exec,2608,124,False
43da5aa11ef5,019fe5f9-84c6-70f2-bbf1-40810feeceee,2026-08-09T10:45:32.008+00:00,2026-08-09T10:45:43.070+00:00,11.062,2026-08-09T10:45:45.472+00:00,13.464,test,exec,419,63,True
8370de242d70,019fe5f9-84c6-70f2-bbf1-40810feeceee,2026-08-09T10:45:45.421+00:00,2026-08-09T10:45:45.472+00:00,0.051,2026-08-09T10:45:45.472+00:00,0.051,wait_resume,wait,58,345,False
d3452fff2d6b,019fe5f9-84c6-70f2-bbf1-40810feeceee,2026-08-09T10:45:51.047+00:00,2026-08-09T10:45:51.263+00:00,0.216,2026-08-09T10:45:51.263+00:00,0.216,read_search_git,exec,460,5741,False
1ca80a4b98a6,019fe5f9-84c6-70f2-bbf1-40810feeceee,2026-08-09T10:45:55.636+00:00,2026-08-09T10:45:55.750+00:00,0.114,2026-08-09T10:45:55.750+00:00,0.114,tool_discovery,exec,104,2615,False
34a3b6adcdf7,019fe5f9-84c6-70f2-bbf1-40810feeceee,2026-08-09T10:46:02.349+00:00,2026-08-09T10:46:02.547+00:00,0.198,2026-08-09T10:46:02.547+00:00,0.198,other_exec,exec,905,124,False
8b77fbef24e3,019fe5f9-84c6-70f2-bbf1-40810feeceee,2026-08-09T10:46:10.085+00:00,2026-08-09T10:46:10.350+00:00,0.265,2026-08-09T10:46:10.350+00:00,0.265,read_search_git,exec,315,1902,False
a04a959e113e,019fe5f9-84c6-70f2-bbf1-40810feeceee,2026-08-09T10:51:25.534+00:00,2026-08-09T10:51:25.812+00:00,0.278,2026-08-09T10:51:25.812+00:00,0.278,read_search_git,exec,468,1783,False
1ce679fddba5,019fe5f9-84c6-70f2-bbf1-40810feeceee,2026-08-09T10:51:42.224+00:00,2026-08-09T10:51:42.405+00:00,0.181,2026-08-09T10:51:42.405+00:00,0.181,mcp_wrapper,exec,2735,308,False
a78fc26606cb,019fe5f9-84c6-70f2-bbf1-40810feeceee,2026-08-09T10:52:03.608+00:00,2026-08-09T10:52:03.908+00:00,0.3,2026-08-09T10:52:03.908+00:00,0.3,shell_other,exec,356,157,False
86af4b3156fa,019fe5f9-84c6-70f2-bbf1-40810feeceee,2026-08-09T10:52:08.325+00:00,2026-08-09T10:52:08.572+00:00,0.247,2026-08-09T10:52:08.572+00:00,0.247,read_search_git,exec,243,3909,False
521e4c2746e3,019fe5f9-84c6-70f2-bbf1-40810feeceee,2026-08-09T10:52:12.908+00:00,2026-08-09T10:52:13.130+00:00,0.222,2026-08-09T10:52:13.130+00:00,0.222,read_search_git,exec,250,2738,False
a234dd631504,019fe5f9-84c6-70f2-bbf1-40810feeceee,2026-08-09T10:52:28.687+00:00,2026-08-09T10:52:33.707+00:00,5.02,2026-08-09T10:52:33.707+00:00,5.02,mcp_wrapper,exec,1659,194,False
429b35c9ef55,019fe5f9-84c6-70f2-bbf1-40810feeceee,2026-08-09T10:52:48.055+00:00,2026-08-09T10:52:48.402+00:00,0.347,2026-08-09T10:52:48.402+00:00,0.347,mcp_wrapper,exec,1683,194,False
b5f6a0147342,019fe628-9cd3-7202-9b27-412fe9ef87f1,2026-08-09T10:54:29.345+00:00,2026-08-09T10:54:29.661+00:00,0.316,2026-08-09T10:54:29.661+00:00,0.316,mcp_wrapper,exec,2002,194,False
576ee302f8c9,019fe630-7af2-70d0-a022-1b3ec7bed73f,2026-08-09T11:02:54.082+00:00,2026-08-09T11:02:54.141+00:00,0.059,2026-08-09T11:02:54.141+00:00,0.059,tool_discovery,exec,74,403,False
eabe7775ffa9,019fe630-7af2-70d0-a022-1b3ec7bed73f,2026-08-09T11:02:56.800+00:00,2026-08-09T11:02:57.086+00:00,0.286,2026-08-09T11:02:57.086+00:00,0.286,mcp_wrapper,exec,123,6644,False
1285eefddba3,019fe630-7af2-70d0-a022-1b3ec7bed73f,2026-08-09T11:03:17.159+00:00,2026-08-09T11:03:17.305+00:00,0.146,2026-08-09T11:03:17.305+00:00,0.146,mcp_wrapper,exec,1980,159,False
2af420d5d569,019fe634-aba1-7e92-a9b1-e71424c9de47,2026-08-09T11:07:42.778+00:00,2026-08-09T11:07:43.137+00:00,0.359,2026-08-09T11:07:43.137+00:00,0.359,read_search_git,exec,341,749,False
138ebde03d8c,019fe634-aba1-7e92-a9b1-e71424c9de47,2026-08-09T11:07:48.590+00:00,2026-08-09T11:07:48.738+00:00,0.148,2026-08-09T11:07:48.738+00:00,0.148,read_search_git,exec,334,12699,False
c2af21de1d8d,019fe634-aba1-7e92-a9b1-e71424c9de47,2026-08-09T11:07:57.765+00:00,2026-08-09T11:07:57.907+00:00,0.142,2026-08-09T11:07:57.907+00:00,0.142,read_search_git,exec,366,5286,False
404e952977ca,019fe634-aba1-7e92-a9b1-e71424c9de47,2026-08-09T11:08:20.595+00:00,2026-08-09T11:08:20.740+00:00,0.145,2026-08-09T11:08:20.740+00:00,0.145,read_search_git,exec,294,204,False
963db5427a2e,019fe634-aba1-7e92-a9b1-e71424c9de47,2026-08-09T11:08:26.495+00:00,2026-08-09T11:08:26.678+00:00,0.183,2026-08-09T11:08:26.678+00:00,0.183,read_search_git,exec,325,17048,False
4bb25a010efe,019fe634-aba1-7e92-a9b1-e71424c9de47,2026-08-09T11:09:03.367+00:00,2026-08-09T11:09:03.502+00:00,0.135,2026-08-09T11:09:03.502+00:00,0.135,tool_discovery,exec,76,387,False
ee1aaf4c1ced,019fe636-f221-70c1-86c0-b3788f6342d7,2026-08-09T11:09:57.151+00:00,2026-08-09T11:09:57.320+00:00,0.169,2026-08-09T11:09:57.320+00:00,0.169,read_search_git,exec,294,9962,False
bf8b166ca61b,019fe636-f221-70c1-86c0-b3788f6342d7,2026-08-09T11:11:51.820+00:00,2026-08-09T11:11:51.930+00:00,0.11,2026-08-09T11:11:51.930+00:00,0.11,file_change,exec,4470,124,False
6288d38dd9e9,019fe636-f221-70c1-86c0-b3788f6342d7,2026-08-09T11:11:57.148+00:00,2026-08-09T11:11:57.325+00:00,0.177,2026-08-09T11:11:57.325+00:00,0.177,read_search_git,exec,317,1548,False
2b47ec620bcd,019fe636-f221-70c1-86c0-b3788f6342d7,2026-08-09T11:13:12.480+00:00,2026-08-09T11:13:12.592+00:00,0.112,2026-08-09T11:13:12.592+00:00,0.112,file_change,exec,12397,124,False
2239df801702,019fe636-f221-70c1-86c0-b3788f6342d7,2026-08-09T11:13:17.487+00:00,2026-08-09T11:13:17.670+00:00,0.183,2026-08-09T11:13:17.670+00:00,0.183,read_search_git,exec,317,15318,False
0f8627d9d68f,019fe636-f221-70c1-86c0-b3788f6342d7,2026-08-09T11:14:04.681+00:00,2026-08-09T11:14:04.788+00:00,0.107,2026-08-09T11:14:04.788+00:00,0.107,file_change,exec,8488,365,False
ce113a24bf34,019fe636-f221-70c1-86c0-b3788f6342d7,2026-08-09T11:14:09.658+00:00,2026-08-09T11:14:09.762+00:00,0.104,2026-08-09T11:14:09.762+00:00,0.104,file_change,exec,386,124,False
14b2b9dae818,019fe636-f221-70c1-86c0-b3788f6342d7,2026-08-09T11:14:14.060+00:00,2026-08-09T11:14:14.183+00:00,0.123,2026-08-09T11:14:14.183+00:00,0.123,read_search_git,exec,260,10359,False
c41e5dedb812,019fe636-f221-70c1-86c0-b3788f6342d7,2026-08-09T11:14:44.786+00:00,2026-08-09T11:14:44.890+00:00,0.104,2026-08-09T11:14:44.890+00:00,0.104,file_change,exec,6442,124,False
cb231bec37df,019fe636-f221-70c1-86c0-b3788f6342d7,2026-08-09T11:16:17.097+00:00,2026-08-09T11:16:17.219+00:00,0.122,2026-08-09T11:16:17.219+00:00,0.122,read_search_git,exec,228,13041,False
4189b24a51c5,019fe636-f221-70c1-86c0-b3788f6342d7,2026-08-09T11:16:20.899+00:00,2026-08-09T11:16:21.007+00:00,0.108,2026-08-09T11:16:21.007+00:00,0.108,native_subagent,list_agents,2,60,False
8801eb6954f9,019fe636-f221-70c1-86c0-b3788f6342d7,2026-08-09T11:16:23.113+00:00,2026-08-09T11:16:23.172+00:00,0.059,2026-08-09T11:16:23.172+00:00,0.059,tool_discovery,exec,88,1064,False
82189d30b386,019fe636-f221-70c1-86c0-b3788f6342d7,2026-08-09T11:16:25.881+00:00,2026-08-09T11:16:26.974+00:00,1.093,2026-08-09T11:16:26.974+00:00,1.093,mcp_wrapper,exec,184,9662,False
225c72f9f2da,019fe636-f221-70c1-86c0-b3788f6342d7,2026-08-09T11:16:33.937+00:00,2026-08-09T11:16:34.117+00:00,0.18,2026-08-09T11:16:34.117+00:00,0.18,read_search_git,exec,380,41814,False
ddc3c9cab51e,019fe636-f221-70c1-86c0-b3788f6342d7,2026-08-09T11:16:39.508+00:00,2026-08-09T11:16:39.652+00:00,0.144,2026-08-09T11:16:39.652+00:00,0.144,read_search_git,exec,415,41613,False
bb06cc565cb4,019fe636-f221-70c1-86c0-b3788f6342d7,2026-08-09T11:16:45.064+00:00,2026-08-09T11:16:45.222+00:00,0.158,2026-08-09T11:16:45.222+00:00,0.158,read_search_git,exec,383,42342,False
8d3a6c8d90c3,019fe636-f221-70c1-86c0-b3788f6342d7,2026-08-09T11:16:51.014+00:00,2026-08-09T11:16:51.168+00:00,0.154,2026-08-09T11:16:51.168+00:00,0.154,read_search_git,exec,509,42203,False
d2ead2b8cb94,019fe636-f221-70c1-86c0-b3788f6342d7,2026-08-09T11:16:58.382+00:00,2026-08-09T11:17:09.469+00:00,11.087,2026-08-09T11:17:20.193+00:00,21.811,test,exec,423,63,True
b528da2496f9,019fe636-f221-70c1-86c0-b3788f6342d7,2026-08-09T11:17:20.172+00:00,2026-08-09T11:17:20.193+00:00,0.021,2026-08-09T11:17:20.193+00:00,0.021,wait_resume,wait,58,1819,False
36b87f0bc989,019fe636-f221-70c1-86c0-b3788f6342d7,2026-08-09T11:17:26.370+00:00,2026-08-09T11:17:26.623+00:00,0.253,2026-08-09T11:17:26.623+00:00,0.253,read_search_git,exec,397,4167,False
70e254c1a2b9,019fe636-f221-70c1-86c0-b3788f6342d7,2026-08-09T11:17:35.262+00:00,2026-08-09T11:17:35.437+00:00,0.175,2026-08-09T11:17:35.437+00:00,0.175,read_search_git,exec,370,29688,False
98a9b0609649,019fe636-f221-70c1-86c0-b3788f6342d7,2026-08-09T11:17:40.565+00:00,2026-08-09T11:17:40.722+00:00,0.157,2026-08-09T11:17:40.722+00:00,0.157,read_search_git,exec,414,19514,False
649cd8ad62db,019fe636-f221-70c1-86c0-b3788f6342d7,2026-08-09T11:18:38.207+00:00,2026-08-09T11:18:38.371+00:00,0.164,2026-08-09T11:18:38.371+00:00,0.164,read_search_git,exec,433,3333,False
307cb361ba49,019fe636-f221-70c1-86c0-b3788f6342d7,2026-08-09T11:19:14.910+00:00,2026-08-09T11:19:15.050+00:00,0.14,2026-08-09T11:19:15.050+00:00,0.14,read_search_git,exec,306,22932,False
efbc61dfaeba,019fe636-f221-70c1-86c0-b3788f6342d7,2026-08-09T11:19:56.007+00:00,2026-08-09T11:19:56.170+00:00,0.163,2026-08-09T11:19:56.170+00:00,0.163,file_change,exec,7363,124,False
d2e18a792d2b,019fe636-f221-70c1-86c0-b3788f6342d7,2026-08-09T11:20:06.521+00:00,2026-08-09T11:20:06.679+00:00,0.158,2026-08-09T11:20:06.679+00:00,0.158,file_change,exec,1370,124,False
cdac02720296,019fe636-f221-70c1-86c0-b3788f6342d7,2026-08-09T11:20:41.063+00:00,2026-08-09T11:20:41.311+00:00,0.248,2026-08-09T11:20:41.311+00:00,0.248,file_change,exec,6933,124,False
d36a596719bf,019fe636-f221-70c1-86c0-b3788f6342d7,2026-08-09T11:22:06.716+00:00,2026-08-09T11:22:06.862+00:00,0.146,2026-08-09T11:22:06.862+00:00,0.146,file_change,exec,15453,124,False
9cc862165abd,019fe636-f221-70c1-86c0-b3788f6342d7,2026-08-09T11:22:55.496+00:00,2026-08-09T11:22:55.667+00:00,0.171,2026-08-09T11:22:55.667+00:00,0.171,file_change,exec,9419,124,False
06e69b0f18ae,019fe636-f221-70c1-86c0-b3788f6342d7,2026-08-09T11:23:10.589+00:00,2026-08-09T11:23:10.723+00:00,0.134,2026-08-09T11:23:10.723+00:00,0.134,file_change,exec,1640,394,False
6148f2db5f8f,019fe636-f221-70c1-86c0-b3788f6342d7,2026-08-09T11:23:15.004+00:00,2026-08-09T11:23:15.180+00:00,0.176,2026-08-09T11:23:15.180+00:00,0.176,read_search_git,exec,329,13028,False
ab8910c3f713,019fe636-f221-70c1-86c0-b3788f6342d7,2026-08-09T11:23:27.411+00:00,2026-08-09T11:23:27.528+00:00,0.117,2026-08-09T11:23:27.528+00:00,0.117,file_change,exec,1668,124,False
42cf0461bcf8,019fe636-f221-70c1-86c0-b3788f6342d7,2026-08-09T11:23:48.142+00:00,2026-08-09T11:23:48.327+00:00,0.185,2026-08-09T11:23:48.327+00:00,0.185,file_change,exec,3324,124,False
b1ee84f54b24,019fe636-f221-70c1-86c0-b3788f6342d7,2026-08-09T11:23:57.760+00:00,2026-08-09T11:23:57.925+00:00,0.165,2026-08-09T11:23:57.925+00:00,0.165,file_change,exec,1084,124,False
1dc4524787e5,019fe636-f221-70c1-86c0-b3788f6342d7,2026-08-09T11:24:14.034+00:00,2026-08-09T11:24:15.444+00:00,1.41,2026-08-09T11:24:15.444+00:00,1.41,native_subagent,spawn_agent,1969,31,False
497eed7e1064,019fe636-f221-70c1-86c0-b3788f6342d7,2026-08-09T11:24:24.186+00:00,2026-08-09T11:24:24.333+00:00,0.147,2026-08-09T11:24:24.333+00:00,0.147,file_change,exec,939,124,False
8c2973d67bf5,019fe636-f221-70c1-86c0-b3788f6342d7,2026-08-09T11:24:28.799+00:00,2026-08-09T11:24:37.037+00:00,8.238,2026-08-09T11:24:37.037+00:00,8.238,test,exec,423,4435,False
12222c65d1df,019fe636-f221-70c1-86c0-b3788f6342d7,2026-08-09T11:24:45.690+00:00,2026-08-09T11:24:45.847+00:00,0.157,2026-08-09T11:24:45.847+00:00,0.157,file_change,exec,719,124,False
3d0d70eda9ff,019fe636-f221-70c1-86c0-b3788f6342d7,2026-08-09T11:24:53.738+00:00,2026-08-09T11:25:04.810+00:00,11.072,2026-08-09T11:25:08.114+00:00,14.376,test,exec,323,63,True
a1046719db80,019fe636-f221-70c1-86c0-b3788f6342d7,2026-08-09T11:25:08.017+00:00,2026-08-09T11:25:08.114+00:00,0.097,2026-08-09T11:25:08.114+00:00,0.097,wait_resume,wait,58,2434,False
e493761352c0,019fe636-f221-70c1-86c0-b3788f6342d7,2026-08-09T11:25:15.249+00:00,2026-08-09T11:25:21.134+00:00,5.885,2026-08-09T11:25:21.134+00:00,5.885,test,exec,405,7246,False
6d791fe0b469,019fe636-f221-70c1-86c0-b3788f6342d7,2026-08-09T11:25:34.478+00:00,2026-08-09T11:25:34.605+00:00,0.127,2026-08-09T11:25:34.605+00:00,0.127,file_change,exec,408,124,False
ca6c2df5a641,019fe636-f221-70c1-86c0-b3788f6342d7,2026-08-09T11:26:07.466+00:00,2026-08-09T11:26:07.628+00:00,0.162,2026-08-09T11:26:07.628+00:00,0.162,file_change,exec,5016,124,False
c5cb5c956cc5,019fe636-f221-70c1-86c0-b3788f6342d7,2026-08-09T11:26:14.435+00:00,2026-08-09T11:26:25.502+00:00,11.067,2026-08-09T11:26:33.280+00:00,18.845,test,exec,423,63,True
c76361d9b7ce,019fe636-f221-70c1-86c0-b3788f6342d7,2026-08-09T11:26:33.151+00:00,2026-08-09T11:26:33.280+00:00,0.129,2026-08-09T11:26:33.280+00:00,0.129,wait_resume,wait,58,540,False
b853a5b292e6,019fe636-f221-70c1-86c0-b3788f6342d7,2026-08-09T11:27:05.550+00:00,2026-08-09T11:27:05.741+00:00,0.191,2026-08-09T11:27:05.741+00:00,0.191,file_change,exec,3531,124,False
00d8f92452f7,019fe636-f221-70c1-86c0-b3788f6342d7,2026-08-09T11:27:10.442+00:00,2026-08-09T11:27:10.586+00:00,0.144,2026-08-09T11:27:10.586+00:00,0.144,read_search_git,exec,309,6048,False
76df4bc7ea0d,019fe636-f221-70c1-86c0-b3788f6342d7,2026-08-09T11:27:15.758+00:00,2026-08-09T11:27:15.937+00:00,0.179,2026-08-09T11:27:15.937+00:00,0.179,read_search_git,exec,366,10714,False
7ebdd569290e,019fe636-f221-70c1-86c0-b3788f6342d7,2026-08-09T11:28:04.074+00:00,2026-08-09T11:28:04.189+00:00,0.115,2026-08-09T11:28:04.189+00:00,0.115,file_change,exec,1292,124,False
04445e697c6d,019fe636-f221-70c1-86c0-b3788f6342d7,2026-08-09T11:28:07.661+00:00,2026-08-09T11:28:07.775+00:00,0.114,2026-08-09T11:28:07.775+00:00,0.114,file_change,exec,347,124,False
734c7a9815d4,019fe636-f221-70c1-86c0-b3788f6342d7,2026-08-09T11:28:12.131+00:00,2026-08-09T11:28:12.281+00:00,0.15,2026-08-09T11:28:12.281+00:00,0.15,read_search_git,exec,340,3679,False
21725b17d42f,019fe636-f221-70c1-86c0-b3788f6342d7,2026-08-09T11:28:31.362+00:00,2026-08-09T11:28:31.483+00:00,0.121,2026-08-09T11:28:31.483+00:00,0.121,file_change,exec,2913,124,False
cf93d400a20e,019fe636-f221-70c1-86c0-b3788f6342d7,2026-08-09T11:29:05.182+00:00,2026-08-09T11:29:05.353+00:00,0.171,2026-08-09T11:29:05.353+00:00,0.171,file_change,exec,5534,124,False
a150a8f3c875,019fe636-f221-70c1-86c0-b3788f6342d7,2026-08-09T11:29:14.051+00:00,2026-08-09T11:29:14.258+00:00,0.207,2026-08-09T11:29:14.258+00:00,0.207,file_change,exec,1214,124,False
a5cb8b29350e,019fe636-f221-70c1-86c0-b3788f6342d7,2026-08-09T11:29:25.656+00:00,2026-08-09T11:29:33.524+00:00,7.868,2026-08-09T11:29:33.524+00:00,7.868,test,exec,467,343,False
f7f5c6c87da9,019fe636-f221-70c1-86c0-b3788f6342d7,2026-08-09T11:29:47.272+00:00,2026-08-09T11:29:51.566+00:00,4.294,2026-08-09T11:29:51.566+00:00,4.294,file_change,exec,2149,124,False
a9fb7c49d99e,019fe636-f221-70c1-86c0-b3788f6342d7,2026-08-09T11:29:59.288+00:00,2026-08-09T11:29:59.514+00:00,0.226,2026-08-09T11:29:59.514+00:00,0.226,read_search_git,exec,442,22765,False
d404e1fe486f,019fe636-f221-70c1-86c0-b3788f6342d7,2026-08-09T11:31:45.809+00:00,2026-08-09T11:31:45.937+00:00,0.128,2026-08-09T11:31:45.937+00:00,0.128,file_change,exec,11808,124,False
7d06a63a9053,019fe636-f221-70c1-86c0-b3788f6342d7,2026-08-09T11:32:05.551+00:00,2026-08-09T11:32:16.642+00:00,11.091,2026-08-09T11:32:21.893+00:00,16.342,test,exec,354,63,True
387670bec2f7,019fe636-f221-70c1-86c0-b3788f6342d7,2026-08-09T11:32:21.774+00:00,2026-08-09T11:32:21.893+00:00,0.119,2026-08-09T11:32:21.893+00:00,0.119,wait_resume,wait,58,2806,False
61eaf88696f0,019fe636-f221-70c1-86c0-b3788f6342d7,2026-08-09T11:32:27.156+00:00,2026-08-09T11:32:27.332+00:00,0.176,2026-08-09T11:32:27.332+00:00,0.176,read_search_git,exec,254,3294,False
0a180391dd12,019fe636-f221-70c1-86c0-b3788f6342d7,2026-08-09T11:32:39.656+00:00,2026-08-09T11:32:39.751+00:00,0.095,2026-08-09T11:32:39.751+00:00,0.095,file_change,exec,726,124,False
ae4b33fd6399,019fe636-f221-70c1-86c0-b3788f6342d7,2026-08-09T11:32:46.340+00:00,2026-08-09T11:32:57.426+00:00,11.086,2026-08-09T11:33:00.626+00:00,14.286,test,exec,354,63,True
37877a75df0b,019fe636-f221-70c1-86c0-b3788f6342d7,2026-08-09T11:33:00.374+00:00,2026-08-09T11:33:00.626+00:00,0.252,2026-08-09T11:33:00.626+00:00,0.252,wait_resume,wait,58,345,False
0e0b9cb3f7b9,019fe636-f221-70c1-86c0-b3788f6342d7,2026-08-09T11:33:16.190+00:00,2026-08-09T11:33:16.411+00:00,0.221,2026-08-09T11:33:16.411+00:00,0.221,read_search_git,exec,456,5733,False
f4c3f4edc831,019fe636-f221-70c1-86c0-b3788f6342d7,2026-08-09T11:33:38.703+00:00,2026-08-09T11:33:38.844+00:00,0.141,2026-08-09T11:33:38.844+00:00,0.141,file_change,exec,2864,124,False
5702f3f2a184,019fe636-f221-70c1-86c0-b3788f6342d7,2026-08-09T11:34:10.345+00:00,2026-08-09T11:34:10.440+00:00,0.095,2026-08-09T11:34:10.440+00:00,0.095,file_change,exec,3333,124,False
04009d799c38,019fe636-f221-70c1-86c0-b3788f6342d7,2026-08-09T11:34:16.729+00:00,2026-08-09T11:34:23.032+00:00,6.303,2026-08-09T11:34:23.032+00:00,6.303,test,exec,340,343,False
91af1a188935,019fe636-f221-70c1-86c0-b3788f6342d7,2026-08-09T11:34:30.747+00:00,2026-08-09T11:34:30.833+00:00,0.086,2026-08-09T11:34:30.833+00:00,0.086,file_change,exec,696,124,False
0394022da999,019fe636-f221-70c1-86c0-b3788f6342d7,2026-08-09T11:39:59.676+00:00,2026-08-09T11:39:59.810+00:00,0.134,2026-08-09T11:39:59.810+00:00,0.134,file_change,exec,3153,124,False
122832a61274,019fe636-f221-70c1-86c0-b3788f6342d7,2026-08-09T11:40:09.794+00:00,2026-08-09T11:40:15.692+00:00,5.898,2026-08-09T11:40:15.692+00:00,5.898,test,exec,346,343,False
128d311f861d,019fe636-f221-70c1-86c0-b3788f6342d7,2026-08-09T11:40:28.447+00:00,2026-08-09T11:40:28.568+00:00,0.121,2026-08-09T11:40:28.568+00:00,0.121,file_change,exec,1355,124,False
c3ccee4d269d,019fe636-f221-70c1-86c0-b3788f6342d7,2026-08-09T11:40:38.420+00:00,2026-08-09T11:40:38.560+00:00,0.14,2026-08-09T11:40:38.560+00:00,0.14,read_search_git,exec,290,2064,False
0ae681d4922b,019fe636-f221-70c1-86c0-b3788f6342d7,2026-08-09T11:41:05.665+00:00,2026-08-09T11:41:05.847+00:00,0.182,2026-08-09T11:41:05.847+00:00,0.182,file_change,exec,3667,124,False
49d240aa26c7,019fe636-f221-70c1-86c0-b3788f6342d7,2026-08-09T11:41:10.424+00:00,2026-08-09T11:41:21.518+00:00,11.094,2026-08-09T11:41:24.796+00:00,14.372,test,exec,354,63,True
a287a860887e,019fe636-f221-70c1-86c0-b3788f6342d7,2026-08-09T11:41:24.421+00:00,2026-08-09T11:41:24.796+00:00,0.375,2026-08-09T11:41:24.796+00:00,0.375,wait_resume,wait,58,345,False
20da3fd62c8f,019fe636-f221-70c1-86c0-b3788f6342d7,2026-08-09T11:41:33.047+00:00,2026-08-09T11:41:33.167+00:00,0.12,2026-08-09T11:41:33.167+00:00,0.12,read_search_git,exec,263,6744,False
d5e997a3a7b3,019fe636-f221-70c1-86c0-b3788f6342d7,2026-08-09T11:41:51.071+00:00,2026-08-09T11:41:51.207+00:00,0.136,2026-08-09T11:41:51.207+00:00,0.136,file_change,exec,2392,124,False
0fdddc83bc60,019fe636-f221-70c1-86c0-b3788f6342d7,2026-08-09T11:42:05.952+00:00,2026-08-09T11:42:06.095+00:00,0.143,2026-08-09T11:42:06.095+00:00,0.143,other_exec,exec,229,964282,False
52a645f50323,019fe636-f221-70c1-86c0-b3788f6342d7,2026-08-09T11:42:12.216+00:00,2026-08-09T11:42:15.170+00:00,2.954,2026-08-09T11:42:15.170+00:00,2.954,read_search_git,exec,283,25555,False
50a3605ab45f,019fe636-f221-70c1-86c0-b3788f6342d7,2026-08-09T11:42:47.083+00:00,2026-08-09T11:42:47.230+00:00,0.147,2026-08-09T11:42:47.230+00:00,0.147,file_change,exec,5715,124,False
1408f14c022e,019fe636-f221-70c1-86c0-b3788f6342d7,2026-08-09T11:42:54.080+00:00,2026-08-09T11:42:54.234+00:00,0.154,2026-08-09T11:42:54.234+00:00,0.154,read_search_git,exec,334,1885,False
475b9353601d,019fe636-f221-70c1-86c0-b3788f6342d7,2026-08-09T11:43:03.072+00:00,2026-08-09T11:43:03.246+00:00,0.174,2026-08-09T11:43:03.246+00:00,0.174,read_search_git,exec,366,16036,False
d99f792cb46e,019fe636-f221-70c1-86c0-b3788f6342d7,2026-08-09T11:43:41.687+00:00,2026-08-09T11:43:41.842+00:00,0.155,2026-08-09T11:43:41.842+00:00,0.155,file_change,exec,6564,124,False
0de99a002393,019fe636-f221-70c1-86c0-b3788f6342d7,2026-08-09T11:43:48.422+00:00,2026-08-09T11:43:48.582+00:00,0.16,2026-08-09T11:43:48.582+00:00,0.16,read_search_git,exec,431,6136,False
998fcbd96afb,019fe636-f221-70c1-86c0-b3788f6342d7,2026-08-09T11:43:57.516+00:00,2026-08-09T11:43:57.680+00:00,0.164,2026-08-09T11:43:57.680+00:00,0.164,file_change,exec,969,124,False
00c258ceef31,019fe636-f221-70c1-86c0-b3788f6342d7,2026-08-09T11:44:05.597+00:00,2026-08-09T11:44:05.908+00:00,0.311,2026-08-09T11:44:05.908+00:00,0.311,read_search_git,exec,291,4404,False
f5f6f284d3b4,019fe636-f221-70c1-86c0-b3788f6342d7,2026-08-09T11:44:12.125+00:00,2026-08-09T11:44:12.254+00:00,0.129,2026-08-09T11:44:12.254+00:00,0.129,file_change,exec,697,124,False
dc268d6c45e3,019fe636-f221-70c1-86c0-b3788f6342d7,2026-08-09T11:44:19.782+00:00,2026-08-09T11:44:30.878+00:00,11.096,2026-08-09T11:44:36.726+00:00,16.944,test,exec,499,63,True
a3fa456a50ac,019fe636-f221-70c1-86c0-b3788f6342d7,2026-08-09T11:44:33.463+00:00,2026-08-09T11:44:36.726+00:00,3.263,2026-08-09T11:44:36.726+00:00,3.263,wait_resume,wait,58,2173,False
d6c32041c248,019fe636-f221-70c1-86c0-b3788f6342d7,2026-08-09T11:44:45.580+00:00,2026-08-09T11:44:45.704+00:00,0.124,2026-08-09T11:44:45.704+00:00,0.124,file_change,exec,378,124,False
5ec39adc4c7f,019fe636-f221-70c1-86c0-b3788f6342d7,2026-08-09T11:44:54.264+00:00,2026-08-09T11:45:05.334+00:00,11.07,2026-08-09T11:45:17.599+00:00,23.335,test,exec,400,63,True
f6ce4d52cfdb,019fe636-f221-70c1-86c0-b3788f6342d7,2026-08-09T11:45:09.097+00:00,2026-08-09T11:45:17.599+00:00,8.502,2026-08-09T11:45:17.599+00:00,8.502,wait_resume,wait,58,624,False
86818bb27300,019fe636-f221-70c1-86c0-b3788f6342d7,2026-08-09T11:45:35.391+00:00,2026-08-09T11:45:35.716+00:00,0.325,2026-08-09T11:45:35.716+00:00,0.325,read_search_git,exec,395,23772,False
0c5c2316f56b,019fe636-f221-70c1-86c0-b3788f6342d7,2026-08-09T11:46:12.665+00:00,2026-08-09T11:46:12.778+00:00,0.113,2026-08-09T11:46:12.778+00:00,0.113,file_change,exec,1102,124,False
c20c897d4129,019fe636-f221-70c1-86c0-b3788f6342d7,2026-08-09T11:46:39.317+00:00,2026-08-09T11:46:39.527+00:00,0.21,2026-08-09T11:46:39.527+00:00,0.21,file_change,exec,903,124,False
5b6af65ea7e0,019fe636-f221-70c1-86c0-b3788f6342d7,2026-08-09T11:47:02.320+00:00,2026-08-09T11:47:02.481+00:00,0.161,2026-08-09T11:47:02.481+00:00,0.161,file_change,exec,3860,124,False
ecb280a98e29,019fe636-f221-70c1-86c0-b3788f6342d7,2026-08-09T11:47:11.150+00:00,2026-08-09T11:47:22.215+00:00,11.065,2026-08-09T11:47:32.309+00:00,21.159,test,exec,354,63,True
1e91bb62f997,019fe636-f221-70c1-86c0-b3788f6342d7,2026-08-09T11:47:24.802+00:00,2026-08-09T11:47:32.309+00:00,7.507,2026-08-09T11:47:32.309+00:00,7.507,wait_resume,wait,58,346,False
73113ed89379,019fe636-f221-70c1-86c0-b3788f6342d7,2026-08-09T11:47:42.497+00:00,2026-08-09T11:47:42.668+00:00,0.171,2026-08-09T11:47:42.668+00:00,0.171,file_change,exec,1345,124,False
d66f19c3094a,019fe636-f221-70c1-86c0-b3788f6342d7,2026-08-09T11:53:46.017+00:00,2026-08-09T11:53:46.162+00:00,0.145,2026-08-09T11:53:46.162+00:00,0.145,file_change,exec,3750,124,False
327697b0a21c,019fe636-f221-70c1-86c0-b3788f6342d7,2026-08-09T11:54:16.871+00:00,2026-08-09T11:54:27.928+00:00,11.057,2026-08-09T11:54:41.246+00:00,24.375,test,exec,434,63,True
7abc6a8b70bc,019fe636-f221-70c1-86c0-b3788f6342d7,2026-08-09T11:54:30.464+00:00,2026-08-09T11:54:41.246+00:00,10.782,2026-08-09T11:54:41.246+00:00,10.782,wait_resume,wait,58,347,False
6e2b4b8f639f,019fe636-f221-70c1-86c0-b3788f6342d7,2026-08-09T11:54:49.092+00:00,2026-08-09T11:54:49.254+00:00,0.162,2026-08-09T11:54:49.254+00:00,0.162,read_search_git,exec,500,3887,False
0b018f33b246,019fe636-f221-70c1-86c0-b3788f6342d7,2026-08-09T11:54:55.741+00:00,2026-08-09T11:54:55.901+00:00,0.16,2026-08-09T11:54:55.901+00:00,0.16,read_search_git,exec,369,4846,False
617b0d02696e,019fe636-f221-70c1-86c0-b3788f6342d7,2026-08-09T11:55:11.297+00:00,2026-08-09T11:55:11.415+00:00,0.118,2026-08-09T11:55:11.415+00:00,0.118,file_change,exec,1103,365,False
ee84e6955e4f,019fe636-f221-70c1-86c0-b3788f6342d7,2026-08-09T11:55:26.711+00:00,2026-08-09T11:55:26.855+00:00,0.144,2026-08-09T11:55:26.855+00:00,0.144,read_search_git,exec,257,1885,False
f88c701c40fe,019fe636-f221-70c1-86c0-b3788f6342d7,2026-08-09T11:55:42.335+00:00,2026-08-09T11:55:42.449+00:00,0.114,2026-08-09T11:55:42.449+00:00,0.114,file_change,exec,1194,124,False
75257bd40db4,019fe636-f221-70c1-86c0-b3788f6342d7,2026-08-09T11:55:54.237+00:00,2026-08-09T11:55:54.386+00:00,0.149,2026-08-09T11:55:54.386+00:00,0.149,read_search_git,exec,338,8931,False
d10eb0d12925,019fe636-f221-70c1-86c0-b3788f6342d7,2026-08-09T11:56:08.035+00:00,2026-08-09T11:56:08.232+00:00,0.197,2026-08-09T11:56:08.232+00:00,0.197,file_change,exec,960,124,False
d993b0f542c5,019fe636-f221-70c1-86c0-b3788f6342d7,2026-08-09T11:56:16.312+00:00,2026-08-09T11:56:16.438+00:00,0.126,2026-08-09T11:56:16.438+00:00,0.126,file_change,exec,589,124,False
713b47b7a92f,019fe636-f221-70c1-86c0-b3788f6342d7,2026-08-09T11:56:20.297+00:00,2026-08-09T11:56:20.471+00:00,0.174,2026-08-09T11:56:20.471+00:00,0.174,read_search_git,exec,283,5713,False
0bb81fd0a05b,019fe636-f221-70c1-86c0-b3788f6342d7,2026-08-09T11:56:27.921+00:00,2026-08-09T11:56:28.091+00:00,0.17,2026-08-09T11:56:28.091+00:00,0.17,read_search_git,exec,325,1452,False
056e47314520,019fe636-f221-70c1-86c0-b3788f6342d7,2026-08-09T11:56:46.473+00:00,2026-08-09T11:56:46.615+00:00,0.142,2026-08-09T11:56:46.615+00:00,0.142,file_change,exec,1898,124,False
2387a96a147a,019fe636-f221-70c1-86c0-b3788f6342d7,2026-08-09T11:56:51.643+00:00,2026-08-09T11:56:51.793+00:00,0.15,2026-08-09T11:56:51.793+00:00,0.15,read_search_git,exec,317,620,False
0fc327439218,019fe636-f221-70c1-86c0-b3788f6342d7,2026-08-09T11:56:57.980+00:00,2026-08-09T11:56:58.141+00:00,0.161,2026-08-09T11:56:58.141+00:00,0.161,file_change,exec,549,124,False
bc4c6661242b,019fe636-f221-70c1-86c0-b3788f6342d7,2026-08-09T11:57:04.416+00:00,2026-08-09T11:57:04.587+00:00,0.171,2026-08-09T11:57:04.587+00:00,0.171,read_search_git,exec,337,534,False
b70c4acb446c,019fe636-f221-70c1-86c0-b3788f6342d7,2026-08-09T11:57:23.820+00:00,2026-08-09T11:57:23.961+00:00,0.141,2026-08-09T11:57:23.961+00:00,0.141,file_change,exec,1647,124,False
110b8792a3e7,019fe636-f221-70c1-86c0-b3788f6342d7,2026-08-09T11:58:58.790+00:00,2026-08-09T11:58:58.921+00:00,0.131,2026-08-09T11:58:58.921+00:00,0.131,file_change,exec,2744,124,False
7d018a431744,019fe636-f221-70c1-86c0-b3788f6342d7,2026-08-09T11:59:13.746+00:00,2026-08-09T11:59:13.874+00:00,0.128,2026-08-09T11:59:13.874+00:00,0.128,file_change,exec,1378,124,False
49d721101caa,019fe636-f221-70c1-86c0-b3788f6342d7,2026-08-09T12:00:05.952+00:00,2026-08-09T12:00:06.187+00:00,0.235,2026-08-09T12:00:06.187+00:00,0.235,file_change,exec,2871,124,False
38aabd2b8d9d,019fe636-f221-70c1-86c0-b3788f6342d7,2026-08-09T12:00:11.483+00:00,2026-08-09T12:00:11.733+00:00,0.25,2026-08-09T12:00:11.733+00:00,0.25,read_search_git,exec,337,1093,False
54a6b4579fbb,019fe636-f221-70c1-86c0-b3788f6342d7,2026-08-09T12:00:17.746+00:00,2026-08-09T12:00:17.848+00:00,0.102,2026-08-09T12:00:17.848+00:00,0.102,file_change,exec,559,124,False
67b4af1465f0,019fe636-f221-70c1-86c0-b3788f6342d7,2026-08-09T12:00:25.640+00:00,2026-08-09T12:00:34.326+00:00,8.686,2026-08-09T12:00:34.326+00:00,8.686,test,exec,572,344,False
d37fd05c4aa1,019fe636-f221-70c1-86c0-b3788f6342d7,2026-08-09T12:05:07.352+00:00,2026-08-09T12:05:07.652+00:00,0.3,2026-08-09T12:05:07.652+00:00,0.3,read_search_git,exec,322,14260,False
72dea0fb71bd,019fe636-f221-70c1-86c0-b3788f6342d7,2026-08-09T12:06:59.550+00:00,2026-08-09T12:06:59.621+00:00,0.071,2026-08-09T12:06:59.621+00:00,0.071,native_subagent,list_agents,2,282,False
1a64fe1c20fd,019fe636-f221-70c1-86c0-b3788f6342d7,2026-08-09T12:07:01.793+00:00,2026-08-09T12:07:01.911+00:00,0.118,2026-08-09T12:07:01.911+00:00,0.118,tool_discovery,exec,118,2796,False
4bccf5ca3667,019fe636-f221-70c1-86c0-b3788f6342d7,2026-08-09T12:07:05.088+00:00,2026-08-09T12:07:05.240+00:00,0.152,2026-08-09T12:07:05.240+00:00,0.152,read_search_git,exec,233,13117,False
d0818be3d23e,019fe636-f221-70c1-86c0-b3788f6342d7,2026-08-09T12:07:09.492+00:00,2026-08-09T12:07:10.432+00:00,0.94,2026-08-09T12:07:10.432+00:00,0.94,mcp_wrapper,exec,231,4388,False
6389fdcedc44,019fe636-f221-70c1-86c0-b3788f6342d7,2026-08-09T12:07:18.539+00:00,2026-08-09T12:07:29.613+00:00,11.074,2026-08-09T12:07:48.531+00:00,29.992,test,exec,561,63,True
aaabfc41e562,019fe636-f221-70c1-86c0-b3788f6342d7,2026-08-09T12:07:32.354+00:00,2026-08-09T12:07:48.531+00:00,16.177,2026-08-09T12:07:48.531+00:00,16.177,wait_resume,wait,58,2426,False
9a9d6fc66fd5,019fe636-f221-70c1-86c0-b3788f6342d7,2026-08-09T12:08:00.187+00:00,2026-08-09T12:08:02.055+00:00,1.868,2026-08-09T12:08:02.055+00:00,1.868,native_subagent,spawn_agent,763,36,False
e05b39835827,019fe636-f221-70c1-86c0-b3788f6342d7,2026-08-09T12:08:10.960+00:00,2026-08-09T12:08:11.141+00:00,0.181,2026-08-09T12:08:11.141+00:00,0.181,read_search_git,exec,311,588,False
e7cf6886c996,019fe636-f221-70c1-86c0-b3788f6342d7,2026-08-09T12:08:21.136+00:00,2026-08-09T12:08:21.389+00:00,0.253,2026-08-09T12:08:21.389+00:00,0.253,test,exec,280,609,False
d635a63c5f7d,019fe636-f221-70c1-86c0-b3788f6342d7,2026-08-09T12:08:28.384+00:00,2026-08-09T12:08:39.465+00:00,11.081,2026-08-09T12:08:39.465+00:00,11.081,test,exec,455,686,False
1d5dd2aee270,019fe636-f221-70c1-86c0-b3788f6342d7,2026-08-09T12:09:02.661+00:00,2026-08-09T12:09:02.780+00:00,0.119,2026-08-09T12:09:02.780+00:00,0.119,file_change,exec,642,124,False
cf3d1e93f2c9,019fe636-f221-70c1-86c0-b3788f6342d7,2026-08-09T12:09:08.419+00:00,2026-08-09T12:09:19.502+00:00,11.083,2026-08-09T12:09:38.715+00:00,30.296,test,exec,430,63,True
7f9d60646442,019fe636-f221-70c1-86c0-b3788f6342d7,2026-08-09T12:09:22.047+00:00,2026-08-09T12:09:38.715+00:00,16.668,2026-08-09T12:09:38.715+00:00,16.668,wait_resume,wait,57,178,False
3847c2a1ddc2,019fe636-f221-70c1-86c0-b3788f6342d7,2026-08-09T12:09:43.469+00:00,2026-08-09T12:09:43.638+00:00,0.169,2026-08-09T12:09:43.638+00:00,0.169,test,exec,290,401,False
58af19eee867,019fe636-f221-70c1-86c0-b3788f6342d7,2026-08-09T12:09:47.724+00:00,2026-08-09T12:09:47.923+00:00,0.199,2026-08-09T12:09:47.923+00:00,0.199,test,exec,308,740,False
9fbf9a6a1a2a,019fe636-f221-70c1-86c0-b3788f6342d7,2026-08-09T12:09:58.341+00:00,2026-08-09T12:09:58.535+00:00,0.194,2026-08-09T12:09:58.535+00:00,0.194,test_poll,exec,359,738,False
676a35664984,019fe636-f221-70c1-86c0-b3788f6342d7,2026-08-09T12:10:04.426+00:00,2026-08-09T12:10:04.561+00:00,0.135,2026-08-09T12:10:04.561+00:00,0.135,read_search_git,exec,330,584,False
a9af84e84267,019fe636-f221-70c1-86c0-b3788f6342d7,2026-08-09T12:10:11.648+00:00,2026-08-09T12:10:11.836+00:00,0.188,2026-08-09T12:10:11.836+00:00,0.188,read_search_git,exec,484,156,False
66729c6f6dc2,019fe636-f221-70c1-86c0-b3788f6342d7,2026-08-09T12:10:19.323+00:00,2026-08-09T12:10:25.249+00:00,5.926,2026-08-09T12:10:25.249+00:00,5.926,test,exec,454,264,False
af12673cf0dc,019fe636-f221-70c1-86c0-b3788f6342d7,2026-08-09T12:10:31.034+00:00,2026-08-09T12:10:31.213+00:00,0.179,2026-08-09T12:10:31.213+00:00,0.179,browser,exec,374,5690,False
1400aad11a99,019fe636-f221-70c1-86c0-b3788f6342d7,2026-08-09T12:10:41.411+00:00,2026-08-09T12:10:41.629+00:00,0.218,2026-08-09T12:10:41.629+00:00,0.218,shell_other,exec,1148,275,False
606b59bf5cff,019fe636-f221-70c1-86c0-b3788f6342d7,2026-08-09T12:10:45.625+00:00,2026-08-09T12:10:45.819+00:00,0.194,2026-08-09T12:10:45.819+00:00,0.194,browser,exec,413,145,False
84f9ea7920d6,019fe636-f221-70c1-86c0-b3788f6342d7,2026-08-09T12:10:53.920+00:00,2026-08-09T12:11:00.101+00:00,6.181,2026-08-09T12:11:00.101+00:00,6.181,browser,exec,963,251,False
fa7e6b8343a0,019fe636-f221-70c1-86c0-b3788f6342d7,2026-08-09T12:11:03.322+00:00,2026-08-09T12:11:04.359+00:00,1.037,2026-08-09T12:11:04.359+00:00,1.037,other_exec,exec,221,546014,False
cabb5a03d0ce,019fe636-f221-70c1-86c0-b3788f6342d7,2026-08-09T12:11:10.807+00:00,2026-08-09T12:11:10.943+00:00,0.136,2026-08-09T12:11:10.943+00:00,0.136,read_search_git,exec,243,9927,False
07c2eb3244a0,019fe636-f221-70c1-86c0-b3788f6342d7,2026-08-09T12:11:20.353+00:00,2026-08-09T12:11:20.505+00:00,0.152,2026-08-09T12:11:20.505+00:00,0.152,read_search_git,exec,478,7468,False
85a7ef5a0b9a,019fe636-f221-70c1-86c0-b3788f6342d7,2026-08-09T12:11:24.263+00:00,2026-08-09T12:11:24.424+00:00,0.161,2026-08-09T12:11:24.424+00:00,0.161,read_search_git,exec,370,32207,False
18e4b874209a,019fe636-f221-70c1-86c0-b3788f6342d7,2026-08-09T12:11:32.125+00:00,2026-08-09T12:11:32.280+00:00,0.155,2026-08-09T12:11:32.280+00:00,0.155,read_search_git,exec,287,7073,False
1c6ef2cd59fb,019fe636-f221-70c1-86c0-b3788f6342d7,2026-08-09T12:11:37.652+00:00,2026-08-09T12:11:37.895+00:00,0.243,2026-08-09T12:11:37.895+00:00,0.243,read_search_git,exec,324,7741,False
adfdfb760618,019fe636-f221-70c1-86c0-b3788f6342d7,2026-08-09T12:11:50.043+00:00,2026-08-09T12:11:50.195+00:00,0.152,2026-08-09T12:11:50.195+00:00,0.152,read_search_git,exec,357,20031,False
c8e3e17c0515,019fe636-f221-70c1-86c0-b3788f6342d7,2026-08-09T12:11:57.615+00:00,2026-08-09T12:11:57.838+00:00,0.223,2026-08-09T12:11:57.838+00:00,0.223,read_search_git,exec,558,404,False
6f24a07460d4,019fe636-f221-70c1-86c0-b3788f6342d7,2026-08-09T12:12:04.225+00:00,2026-08-09T12:12:04.426+00:00,0.201,2026-08-09T12:12:04.426+00:00,0.201,read_search_git,exec,290,353,False
ff5bdc374825,019fe636-f221-70c1-86c0-b3788f6342d7,2026-08-09T12:12:09.824+00:00,2026-08-09T12:12:09.983+00:00,0.159,2026-08-09T12:12:09.983+00:00,0.159,read_search_git,exec,420,19383,False
4b40e594e120,019fe636-f221-70c1-86c0-b3788f6342d7,2026-08-09T12:12:13.996+00:00,2026-08-09T12:12:14.192+00:00,0.196,2026-08-09T12:12:14.192+00:00,0.196,read_search_git,exec,302,15060,False
19fb8281efc4,019fe636-f221-70c1-86c0-b3788f6342d7,2026-08-09T12:12:50.790+00:00,2026-08-09T12:12:50.972+00:00,0.182,2026-08-09T12:12:50.972+00:00,0.182,read_search_git,exec,424,8872,False
abd01c15da91,019fe636-f221-70c1-86c0-b3788f6342d7,2026-08-09T12:18:48.245+00:00,2026-08-09T12:18:48.660+00:00,0.415,2026-08-09T12:18:48.660+00:00,0.415,read_search_git,exec,432,20674,False
6b490b46bd39,019fe636-f221-70c1-86c0-b3788f6342d7,2026-08-09T12:19:09.111+00:00,2026-08-09T12:19:09.305+00:00,0.194,2026-08-09T12:19:09.305+00:00,0.194,read_search_git,exec,247,5107,False
bac91215f3c2,019fe636-f221-70c1-86c0-b3788f6342d7,2026-08-09T12:19:48.578+00:00,2026-08-09T12:19:48.794+00:00,0.216,2026-08-09T12:19:48.794+00:00,0.216,file_change,exec,7852,124,False
58928a65a630,019fe636-f221-70c1-86c0-b3788f6342d7,2026-08-09T12:19:53.292+00:00,2026-08-09T12:19:53.457+00:00,0.165,2026-08-09T12:19:53.457+00:00,0.165,read_search_git,exec,373,11928,False
44583c51741e,019fe636-f221-70c1-86c0-b3788f6342d7,2026-08-09T12:25:30.167+00:00,2026-08-09T12:25:30.345+00:00,0.178,2026-08-09T12:25:30.345+00:00,0.178,file_change,exec,1904,124,False
38f5fa0fb09a,019fe636-f221-70c1-86c0-b3788f6342d7,2026-08-09T12:26:10.197+00:00,2026-08-09T12:26:10.372+00:00,0.175,2026-08-09T12:26:10.372+00:00,0.175,file_change,exec,9516,124,False
36e6ce499694,019fe636-f221-70c1-86c0-b3788f6342d7,2026-08-09T12:26:20.181+00:00,2026-08-09T12:26:20.355+00:00,0.174,2026-08-09T12:26:20.355+00:00,0.174,file_change,exec,1757,124,False
4fccc64a1610,019fe636-f221-70c1-86c0-b3788f6342d7,2026-08-09T12:26:26.421+00:00,2026-08-09T12:26:37.512+00:00,11.091,2026-08-09T12:26:53.465+00:00,27.044,test,exec,685,63,True
ff8e1b532fd2,019fe636-f221-70c1-86c0-b3788f6342d7,2026-08-09T12:26:39.887+00:00,2026-08-09T12:26:53.465+00:00,13.578,2026-08-09T12:26:53.465+00:00,13.578,wait_resume,wait,58,267,False
c1ae22363906,019fe636-f221-70c1-86c0-b3788f6342d7,2026-08-09T12:27:36.726+00:00,2026-08-09T12:27:36.896+00:00,0.17,2026-08-09T12:27:36.896+00:00,0.17,read_search_git,exec,334,2688,False
494b94cf70d0,019fe636-f221-70c1-86c0-b3788f6342d7,2026-08-09T12:27:45.557+00:00,2026-08-09T12:27:45.726+00:00,0.169,2026-08-09T12:27:45.726+00:00,0.169,read_search_git,exec,363,7234,False
88fa48cce16f,019fe636-f221-70c1-86c0-b3788f6342d7,2026-08-09T12:28:04.397+00:00,2026-08-09T12:28:04.565+00:00,0.168,2026-08-09T12:28:04.565+00:00,0.168,file_change,exec,2688,124,False
b6a7b9467eac,019fe636-f221-70c1-86c0-b3788f6342d7,2026-08-09T12:28:21.318+00:00,2026-08-09T12:28:21.450+00:00,0.132,2026-08-09T12:28:21.450+00:00,0.132,file_change,exec,2668,124,False
49451fb756b9,019fe636-f221-70c1-86c0-b3788f6342d7,2026-08-09T12:28:54.475+00:00,2026-08-09T12:28:54.601+00:00,0.126,2026-08-09T12:28:54.601+00:00,0.126,file_change,exec,3904,124,False
50ba4e52ec79,019fe636-f221-70c1-86c0-b3788f6342d7,2026-08-09T12:29:17.571+00:00,2026-08-09T12:29:17.707+00:00,0.136,2026-08-09T12:29:17.707+00:00,0.136,file_change,exec,3931,124,False
602f0a7ef415,019fe636-f221-70c1-86c0-b3788f6342d7,2026-08-09T12:32:11.734+00:00,2026-08-09T12:32:22.814+00:00,11.08,2026-08-09T12:32:42.053+00:00,30.319,test,exec,660,63,True
446f9cb535a5,019fe636-f221-70c1-86c0-b3788f6342d7,2026-08-09T12:32:27.068+00:00,2026-08-09T12:32:42.053+00:00,14.985,2026-08-09T12:32:42.053+00:00,14.985,wait_resume,wait,58,173,False
b31698589e94,019fe636-f221-70c1-86c0-b3788f6342d7,2026-08-09T12:32:48.757+00:00,2026-08-09T12:32:48.983+00:00,0.226,2026-08-09T12:32:48.983+00:00,0.226,test,exec,287,907,False
c2a98855afc9,019fe636-f221-70c1-86c0-b3788f6342d7,2026-08-09T12:32:53.206+00:00,2026-08-09T12:32:53.365+00:00,0.159,2026-08-09T12:32:53.365+00:00,0.159,test_poll,exec,365,266,False
920e0a11a029,019fe636-f221-70c1-86c0-b3788f6342d7,2026-08-09T12:33:00.323+00:00,2026-08-09T12:33:00.509+00:00,0.186,2026-08-09T12:33:00.509+00:00,0.186,read_search_git,exec,387,4396,False
1f18c5fefa99,019fe636-f221-70c1-86c0-b3788f6342d7,2026-08-09T12:33:05.724+00:00,2026-08-09T12:33:05.887+00:00,0.163,2026-08-09T12:33:05.887+00:00,0.163,read_search_git,exec,337,6719,False
a80a05ed4c93,019fe636-f221-70c1-86c0-b3788f6342d7,2026-08-09T12:33:17.363+00:00,2026-08-09T12:33:17.518+00:00,0.155,2026-08-09T12:33:17.518+00:00,0.155,file_change,exec,2231,124,False
ec8086b5bf10,019fe636-f221-70c1-86c0-b3788f6342d7,2026-08-09T12:33:31.353+00:00,2026-08-09T12:33:42.421+00:00,11.068,2026-08-09T12:34:01.633+00:00,30.28,test,exec,547,63,True
8c4630eb5949,019fe636-f221-70c1-86c0-b3788f6342d7,2026-08-09T12:33:46.090+00:00,2026-08-09T12:34:01.633+00:00,15.543,2026-08-09T12:34:01.633+00:00,15.543,wait_resume,wait,58,173,False
a8f58a90e15c,019fe636-f221-70c1-86c0-b3788f6342d7,2026-08-09T12:34:06.347+00:00,2026-08-09T12:34:17.423+00:00,11.076,2026-08-09T12:34:22.710+00:00,16.363,test_poll,exec,485,63,True
6f6d563f68c1,019fe636-f221-70c1-86c0-b3788f6342d7,2026-08-09T12:34:20.586+00:00,2026-08-09T12:34:22.710+00:00,2.124,2026-08-09T12:34:22.710+00:00,2.124,wait_resume,wait,58,542,False
43956a3f165e,019fe636-f221-70c1-86c0-b3788f6342d7,2026-08-09T12:34:28.297+00:00,2026-08-09T12:34:34.957+00:00,6.66,2026-08-09T12:34:34.957+00:00,6.66,test,exec,474,264,False
5fe8a5065445,019fe636-f221-70c1-86c0-b3788f6342d7,2026-08-09T12:34:46.366+00:00,2026-08-09T12:34:47.054+00:00,0.688,2026-08-09T12:34:47.054+00:00,0.688,network,exec,689,42153,False
3a56a32bb129,019fe636-f221-70c1-86c0-b3788f6342d7,2026-08-09T12:34:53.510+00:00,2026-08-09T12:34:53.914+00:00,0.404,2026-08-09T12:34:53.914+00:00,0.404,read_search_git,exec,313,3708,False
ad9298a2352a,019fe636-f221-70c1-86c0-b3788f6342d7,2026-08-09T12:35:05.505+00:00,2026-08-09T12:35:05.795+00:00,0.29,2026-08-09T12:35:05.795+00:00,0.29,read_search_git,exec,375,615,False
bceb838f87c6,019fe636-f221-70c1-86c0-b3788f6342d7,2026-08-09T12:35:20.080+00:00,2026-08-09T12:35:20.504+00:00,0.424,2026-08-09T12:35:20.504+00:00,0.424,mcp_wrapper,exec,2978,194,False
93e6bf7da86e,019fe636-f221-70c1-86c0-b3788f6342d7,2026-08-09T12:36:04.884+00:00,2026-08-09T12:36:05.018+00:00,0.134,2026-08-09T12:36:05.018+00:00,0.134,file_change,exec,7584,124,False
7258f01b4b2b,019fe636-f221-70c1-86c0-b3788f6342d7,2026-08-09T12:36:09.581+00:00,2026-08-09T12:36:09.807+00:00,0.226,2026-08-09T12:36:09.807+00:00,0.226,read_search_git,exec,399,164,False
d7934ee26c26,019fe636-f221-70c1-86c0-b3788f6342d7,2026-08-09T12:36:31.998+00:00,2026-08-09T12:36:32.254+00:00,0.256,2026-08-09T12:36:32.254+00:00,0.256,mcp_wrapper,exec,797,159,False
0fa0fe8e60ac,019fe694-b210-7c52-979b-293f34f5576c,2026-08-09T12:52:21.019+00:00,2026-08-09T12:52:21.164+00:00,0.145,2026-08-09T12:52:21.164+00:00,0.145,read_search_git,exec,243,5874,False
5785fe4f164e,019fe694-b210-7c52-979b-293f34f5576c,2026-08-09T12:52:32.017+00:00,2026-08-09T12:52:32.248+00:00,0.231,2026-08-09T12:52:32.248+00:00,0.231,native_subagent,followup_task,815,0,False
1b2e382c82b3,019fe694-b210-7c52-979b-293f34f5576c,2026-08-09T12:52:38.238+00:00,2026-08-09T12:52:39.655+00:00,1.417,2026-08-09T12:52:39.655+00:00,1.417,native_subagent,spawn_agent,1080,31,False
3c23000dd876,019fe694-b210-7c52-979b-293f34f5576c,2026-08-09T12:52:46.893+00:00,2026-08-09T12:52:48.278+00:00,1.385,2026-08-09T12:52:48.278+00:00,1.385,native_subagent,spawn_agent,996,35,False
43a7c7bfc2a1,019fe694-b210-7c52-979b-293f34f5576c,2026-08-09T12:53:26.715+00:00,2026-08-09T12:53:26.886+00:00,0.171,2026-08-09T12:53:26.886+00:00,0.171,read_search_git,exec,370,10531,False
6f74c47f040e,019fe694-b210-7c52-979b-293f34f5576c,2026-08-09T12:53:34.836+00:00,2026-08-09T12:53:35.004+00:00,0.168,2026-08-09T12:53:35.004+00:00,0.168,read_search_git,exec,307,9843,False
8104a8e10d4a,019fe694-b210-7c52-979b-293f34f5576c,2026-08-09T12:53:41.887+00:00,2026-08-09T12:53:42.048+00:00,0.161,2026-08-09T12:53:42.048+00:00,0.161,read_search_git,exec,407,19648,False
f1b9651c367e,019fe694-b210-7c52-979b-293f34f5576c,2026-08-09T12:53:58.128+00:00,2026-08-09T12:53:58.298+00:00,0.17,2026-08-09T12:53:58.298+00:00,0.17,read_search_git,exec,314,9650,False
12f0ff69e560,019fe694-b210-7c52-979b-293f34f5576c,2026-08-09T13:01:21.962+00:00,2026-08-09T13:01:22.144+00:00,0.182,2026-08-09T13:01:22.144+00:00,0.182,read_search_git,exec,363,1175,False
f9ef50f04988,019fe694-b210-7c52-979b-293f34f5576c,2026-08-09T13:01:41.815+00:00,2026-08-09T13:01:41.997+00:00,0.182,2026-08-09T13:01:41.997+00:00,0.182,read_search_git,exec,307,8880,False
7d2768500694,019fe694-b210-7c52-979b-293f34f5576c,2026-08-09T13:01:45.753+00:00,2026-08-09T13:01:45.920+00:00,0.167,2026-08-09T13:01:45.920+00:00,0.167,read_search_git,exec,258,2186,False
44d258fe61a2,019fe694-b210-7c52-979b-293f34f5576c,2026-08-09T13:16:55.780+00:00,2026-08-09T13:16:55.935+00:00,0.155,2026-08-09T13:16:55.935+00:00,0.155,file_change,exec,7422,124,False
3317c71c6731,019fe694-b210-7c52-979b-293f34f5576c,2026-08-09T13:17:20.626+00:00,2026-08-09T13:17:20.792+00:00,0.166,2026-08-09T13:17:20.792+00:00,0.166,file_change,exec,3778,124,False
8a9c5bd8de12,019fe694-b210-7c52-979b-293f34f5576c,2026-08-09T13:17:32.498+00:00,2026-08-09T13:17:32.611+00:00,0.113,2026-08-09T13:17:32.611+00:00,0.113,file_change,exec,1471,124,False
e4b1a5a663be,019fe694-b210-7c52-979b-293f34f5576c,2026-08-09T13:17:55.486+00:00,2026-08-09T13:17:55.607+00:00,0.121,2026-08-09T13:17:55.607+00:00,0.121,file_change,exec,3604,124,False
296131cf03ab,019fe694-b210-7c52-979b-293f34f5576c,2026-08-09T13:18:05.960+00:00,2026-08-09T13:18:06.270+00:00,0.31,2026-08-09T13:18:06.270+00:00,0.31,read_search_git,exec,390,1213,False
b722d1c588e3,019fe694-b210-7c52-979b-293f34f5576c,2026-08-09T13:18:21.855+00:00,2026-08-09T13:18:22.019+00:00,0.164,2026-08-09T13:18:22.019+00:00,0.164,file_change,exec,2729,124,False
e32221991830,019fe694-b210-7c52-979b-293f34f5576c,2026-08-09T13:18:47.360+00:00,2026-08-09T13:18:47.503+00:00,0.143,2026-08-09T13:18:47.503+00:00,0.143,file_change,exec,3814,124,False
a35532d43a50,019fe694-b210-7c52-979b-293f34f5576c,2026-08-09T13:19:18.388+00:00,2026-08-09T13:19:18.587+00:00,0.199,2026-08-09T13:19:18.587+00:00,0.199,read_search_git,exec,256,1391,False
9198dec69e60,019fe694-b210-7c52-979b-293f34f5576c,2026-08-09T13:19:23.477+00:00,2026-08-09T13:19:23.641+00:00,0.164,2026-08-09T13:19:23.641+00:00,0.164,shell_other,exec,260,9817,False
e52376212976,019fe694-b210-7c52-979b-293f34f5576c,2026-08-09T13:20:10.250+00:00,2026-08-09T13:20:10.388+00:00,0.138,2026-08-09T13:20:10.388+00:00,0.138,file_change,exec,8857,124,False
fafa34a76c5c,019fe694-b210-7c52-979b-293f34f5576c,2026-08-09T13:20:33.084+00:00,2026-08-09T13:20:44.151+00:00,11.067,2026-08-09T13:21:03.394+00:00,30.31,test,exec,912,63,True
2628155f50ef,019fe694-b210-7c52-979b-293f34f5576c,2026-08-09T13:20:48.350+00:00,2026-08-09T13:21:03.394+00:00,15.044,2026-08-09T13:21:03.394+00:00,15.044,wait_resume,wait,58,598,False
34f753e4444f,019fe694-b210-7c52-979b-293f34f5576c,2026-08-09T13:21:07.785+00:00,2026-08-09T13:21:08.041+00:00,0.256,2026-08-09T13:21:08.041+00:00,0.256,test,exec,303,1276,False
0a0a9e2615e3,019fe694-b210-7c52-979b-293f34f5576c,2026-08-09T13:21:14.074+00:00,2026-08-09T13:21:21.292+00:00,7.218,2026-08-09T13:21:21.292+00:00,7.218,test_poll,exec,371,347,False
454008a55bf5,019fe694-b210-7c52-979b-293f34f5576c,2026-08-09T13:21:46.186+00:00,2026-08-09T13:21:46.356+00:00,0.17,2026-08-09T13:21:46.356+00:00,0.17,read_search_git,exec,322,5236,False
55f96ce89d32,019fe694-b210-7c52-979b-293f34f5576c,2026-08-09T13:34:13.154+00:00,2026-08-09T13:34:13.272+00:00,0.118,2026-08-09T13:34:13.272+00:00,0.118,file_change,exec,4620,710,False
c2c7b0fed207,019fe694-b210-7c52-979b-293f34f5576c,2026-08-09T13:34:26.896+00:00,2026-08-09T13:34:37.964+00:00,11.068,2026-08-09T13:34:57.246+00:00,30.35,test,exec,547,63,True
eb994a1570a4,019fe694-b210-7c52-979b-293f34f5576c,2026-08-09T13:34:40.722+00:00,2026-08-09T13:34:57.246+00:00,16.524,2026-08-09T13:34:57.246+00:00,16.524,wait_resume,wait,58,173,False
4b3e4702a9f0,019fe694-b210-7c52-979b-293f34f5576c,2026-08-09T13:35:09.131+00:00,2026-08-09T13:35:09.350+00:00,0.219,2026-08-09T13:35:09.350+00:00,0.219,test_poll,exec,502,206,False
d14827fa94fa,019fe694-b210-7c52-979b-293f34f5576c,2026-08-09T13:35:17.959+00:00,2026-08-09T13:35:18.159+00:00,0.2,2026-08-09T13:35:18.159+00:00,0.2,test,exec,286,786,False
f843b53e66c4,019fe694-b210-7c52-979b-293f34f5576c,2026-08-09T13:35:24.827+00:00,2026-08-09T13:35:24.980+00:00,0.153,2026-08-09T13:35:24.980+00:00,0.153,test_poll,exec,337,542,False
6d830109d5df,019fe694-b210-7c52-979b-293f34f5576c,2026-08-09T13:35:32.800+00:00,2026-08-09T13:35:39.065+00:00,6.265,2026-08-09T13:35:39.065+00:00,6.265,test,exec,653,264,False
b0e46bf85a94,019fe694-b210-7c52-979b-293f34f5576c,2026-08-09T13:35:49.903+00:00,2026-08-09T13:35:50.334+00:00,0.431,2026-08-09T13:35:50.334+00:00,0.431,mcp_wrapper,exec,1745,194,False
8fc65b14a3ab,019fe694-b210-7c52-979b-293f34f5576c,2026-08-09T13:36:04.183+00:00,2026-08-09T13:36:04.404+00:00,0.221,2026-08-09T13:36:04.404+00:00,0.221,mcp_wrapper,exec,548,159,False
aa897c4551ef,019fe6bf-c758-7ac2-bba5-6de911a9c0ab,2026-08-09T13:39:24.213+00:00,2026-08-09T13:39:24.391+00:00,0.178,2026-08-09T13:39:24.391+00:00,0.178,read_search_git,exec,393,9615,False
2e986611198c,019fe6bf-c758-7ac2-bba5-6de911a9c0ab,2026-08-09T13:39:50.970+00:00,2026-08-09T13:39:51.130+00:00,0.16,2026-08-09T13:39:51.130+00:00,0.16,file_change,exec,3339,124,False
054dfbc9a744,019fe6bf-c758-7ac2-bba5-6de911a9c0ab,2026-08-09T13:39:56.965+00:00,2026-08-09T13:40:08.064+00:00,11.099,2026-08-09T13:40:27.332+00:00,30.367,test,exec,590,63,True
696d23a25eab,019fe6bf-c758-7ac2-bba5-6de911a9c0ab,2026-08-09T13:40:10.315+00:00,2026-08-09T13:40:27.332+00:00,17.017,2026-08-09T13:40:27.332+00:00,17.017,wait_resume,wait,58,173,False
d48e10b41c62,019fe6bf-c758-7ac2-bba5-6de911a9c0ab,2026-08-09T13:40:32.821+00:00,2026-08-09T13:40:33.027+00:00,0.206,2026-08-09T13:40:33.027+00:00,0.206,test_poll,exec,441,135,False
a870edfe5695,019fe6bf-c758-7ac2-bba5-6de911a9c0ab,2026-08-09T13:40:37.837+00:00,2026-08-09T13:40:38.030+00:00,0.193,2026-08-09T13:40:38.030+00:00,0.193,test,exec,302,813,False
762f1ba181c0,019fe6bf-c758-7ac2-bba5-6de911a9c0ab,2026-08-09T13:40:46.024+00:00,2026-08-09T13:40:46.222+00:00,0.198,2026-08-09T13:40:46.222+00:00,0.198,test_poll,exec,348,239,False
d579b7eaf0a0,019fe6bf-c758-7ac2-bba5-6de911a9c0ab,2026-08-09T13:40:56.947+00:00,2026-08-09T13:41:08.039+00:00,11.092,2026-08-09T13:41:49.088+00:00,52.141,test,exec,449,63,True
e20ed196ecd6,019fe6bf-c758-7ac2-bba5-6de911a9c0ab,2026-08-09T13:41:48.876+00:00,2026-08-09T13:41:49.088+00:00,0.212,2026-08-09T13:41:49.088+00:00,0.212,wait_resume,wait,58,172,False
fa4a51737166,019fe6bf-c758-7ac2-bba5-6de911a9c0ab,2026-08-09T13:41:58.372+00:00,2026-08-09T13:41:58.625+00:00,0.253,2026-08-09T13:41:58.625+00:00,0.253,test_poll,exec,470,542,False
d54418d54c8b,019fe6bf-c758-7ac2-bba5-6de911a9c0ab,2026-08-09T13:42:05.713+00:00,2026-08-09T13:42:05.989+00:00,0.276,2026-08-09T13:42:05.989+00:00,0.276,read_search_git,exec,453,164,False
9baa5347bf5f,019fe6bf-c758-7ac2-bba5-6de911a9c0ab,2026-08-09T13:43:03.436+00:00,2026-08-09T13:43:03.860+00:00,0.424,2026-08-09T13:43:03.860+00:00,0.424,mcp_wrapper,exec,1257,194,False
d7467d74cecf,019fe6bf-c758-7ac2-bba5-6de911a9c0ab,2026-08-09T13:43:09.153+00:00,2026-08-09T13:43:09.334+00:00,0.181,2026-08-09T13:43:09.334+00:00,0.181,mcp_wrapper,exec,579,159,False
0f16bd6d83ba,019fe6c4-4659-7d21-9506-0aa955e6d976,2026-08-09T13:44:28.287+00:00,2026-08-09T13:44:39.358+00:00,11.071,2026-08-09T13:44:58.601+00:00,30.314,test,exec,758,63,True
2d52debe4123,019fe6c4-4659-7d21-9506-0aa955e6d976,2026-08-09T13:44:42.878+00:00,2026-08-09T13:44:58.601+00:00,15.723,2026-08-09T13:44:58.601+00:00,15.723,wait_resume,wait,58,173,False
94f8aed30bda,019fe6c4-4659-7d21-9506-0aa955e6d976,2026-08-09T13:45:07.286+00:00,2026-08-09T13:45:07.565+00:00,0.279,2026-08-09T13:45:07.565+00:00,0.279,test_poll,exec,546,531,False
e13d60e95771,019fe6c4-4659-7d21-9506-0aa955e6d976,2026-08-09T13:45:11.663+00:00,2026-08-09T13:45:11.867+00:00,0.204,2026-08-09T13:45:11.867+00:00,0.204,test,exec,320,1395,False
6cd31df2bb59,019fe6c4-4659-7d21-9506-0aa955e6d976,2026-08-09T13:45:18.598+00:00,2026-08-09T13:45:29.698+00:00,11.1,2026-08-09T13:45:48.926+00:00,30.328,test_poll,exec,406,63,True
e3fa6e5aa779,019fe6c4-4659-7d21-9506-0aa955e6d976,2026-08-09T13:45:32.554+00:00,2026-08-09T13:45:48.926+00:00,16.372,2026-08-09T13:45:48.926+00:00,16.372,wait_resume,wait,58,173,False
466a19f0a410,019fe6c4-4659-7d21-9506-0aa955e6d976,2026-08-09T13:45:53.692+00:00,2026-08-09T13:45:53.922+00:00,0.23,2026-08-09T13:45:53.922+00:00,0.23,test,exec,367,1174,False
c6310fe66067,019fe6c4-4659-7d21-9506-0aa955e6d976,2026-08-09T13:46:03.943+00:00,2026-08-09T13:46:04.199+00:00,0.256,2026-08-09T13:46:04.199+00:00,0.256,test,exec,385,775,False
45333deb9c33,019fe6c4-4659-7d21-9506-0aa955e6d976,2026-08-09T13:46:11.560+00:00,2026-08-09T13:46:11.815+00:00,0.255,2026-08-09T13:46:11.815+00:00,0.255,read_search_git,exec,367,10492,False
53aef39d84ef,019fe6c4-4659-7d21-9506-0aa955e6d976,2026-08-09T13:52:28.936+00:00,2026-08-09T13:52:29.104+00:00,0.168,2026-08-09T13:52:29.104+00:00,0.168,file_change,exec,7753,124,False
e21ecaf79ad7,019fe6c4-4659-7d21-9506-0aa955e6d976,2026-08-09T13:52:35.889+00:00,2026-08-09T13:52:38.223+00:00,2.334,2026-08-09T13:52:38.223+00:00,2.334,read_search_git,exec,315,1262,False
e54da3fdb234,019fe6c4-4659-7d21-9506-0aa955e6d976,2026-08-09T13:52:52.654+00:00,2026-08-09T13:53:01.024+00:00,8.37,2026-08-09T13:53:01.024+00:00,8.37,read_search_git,exec,676,1748,False
e9fc5b29a69c,019fe6c4-4659-7d21-9506-0aa955e6d976,2026-08-09T13:53:31.779+00:00,2026-08-09T13:53:31.881+00:00,0.102,2026-08-09T13:53:31.881+00:00,0.102,file_change,exec,2021,124,False
b5dd7d8ef502,019fe6c4-4659-7d21-9506-0aa955e6d976,2026-08-09T13:53:38.327+00:00,2026-08-09T13:53:45.421+00:00,7.094,2026-08-09T13:53:45.421+00:00,7.094,read_search_git,exec,680,1242,False
3d210697e46f,019fe6c4-4659-7d21-9506-0aa955e6d976,2026-08-09T13:54:00.416+00:00,2026-08-09T13:54:00.796+00:00,0.38,2026-08-09T13:54:00.796+00:00,0.38,read_search_git,exec,495,3905,False
e8ed779d25b2,019fe6c4-4659-7d21-9506-0aa955e6d976,2026-08-09T13:54:19.017+00:00,2026-08-09T13:54:19.331+00:00,0.314,2026-08-09T13:54:19.331+00:00,0.314,native_subagent,list_agents,2,1058,False
ccbadc558357,019fe6c4-4659-7d21-9506-0aa955e6d976,2026-08-09T13:54:34.998+00:00,2026-08-09T13:54:35.240+00:00,0.242,2026-08-09T13:54:35.240+00:00,0.242,mcp_wrapper,exec,2198,159,False
