ts,tool_name,content
2026-09-13T03:20:14.164478+00:00,mcp__orchestra__merge_worker,"{'schema_version': 1, 'operation_id': '20166c27-b99d-40f5-b79a-da316029f457', 'operation_state': 'PENDING', 'retryable': True, 'commit_point': 'NOT_REACHED', 'git': {'status': 'NOT_STARTED', 'target_branch': 'main', 'target_before': None, 'target_after': None, 'worker_branch': 'task-V-86/photobooth-astra', 'worker_head': '86bd7da0f4fe1459d2e3176b671a7963537e69fe', 'conflicts': []}, 'task_links': {'status': 'NOT_RUN', 'items': {}}, 'rag': {'status': 'NOT_RUN'}, 'lifecycle': {'status': 'NOT_RUN'}, 'next_task': {'status': 'NOT_REQUESTED'}, 'error': None, 'warnings': [], 'next_action': {'code': 'CHECK_SAME_OPERATION', 'message': 'Check operation 20166c27-b99d-40f5-b79a-da316029f457; do not merge manually.'}, 'admission': {'target': {'branch': 'main', 'sha': '404a7502748c029f9c19a31ce75e2c79b717ae4f'}, 'oracle': {'source': 'none', 'task_id': 'V-86', 'revision': 0, 'ref': '404a7502748c029f9c19a31ce75e2c79b717ae4f', 'hash': '', 'status': 'not_required'}, 'mapped_files': [], 'target_recheck': "
2026-09-13T04:11:09.931361+00:00,mcp__orchestra__merge_worker,"{'schema_version': 1, 'operation_id': 'aa837efe-3eee-40f0-8e1d-02cc2569e6a7', 'operation_state': 'PENDING', 'retryable': True, 'commit_point': 'NOT_REACHED', 'git': {'status': 'NOT_STARTED', 'target_branch': 'main', 'target_before': None, 'target_after': None, 'worker_branch': 'task-V-87/painter-laptop', 'worker_head': 'a592c4e215f92b7172ad997f7b385a293b107369', 'conflicts': []}, 'task_links': {'status': 'NOT_RUN', 'items': {}}, 'rag': {'status': 'NOT_RUN'}, 'lifecycle': {'status': 'NOT_RUN'}, 'next_task': {'status': 'NOT_REQUESTED'}, 'error': None, 'warnings': [], 'next_action': {'code': 'CHECK_SAME_OPERATION', 'message': 'Check operation aa837efe-3eee-40f0-8e1d-02cc2569e6a7; do not merge manually.'}, 'admission': {'target': {'branch': 'main', 'sha': '0ef0bff8b94ace8e89ddcbb3b4d9ba85857fe7bf'}, 'oracle': {'source': 'none', 'task_id': 'V-87', 'revision': 0, 'ref': '0ef0bff8b94ace8e89ddcbb3b4d9ba85857fe7bf', 'hash': '', 'status': 'not_required'}, 'mapped_files': [], 'target_recheck': {'"
2026-09-13T04:36:48.593912+00:00,mcp__orchestra__merge_worker,"STILL PENDING — NOT a failure. Merge operation 025f41b5-fa09-4b86-b49b-3ecc04c87b1e continues on the server. Background job bg-cbb0c1c597 will deliver its outcome. Do not poll or call merge_worker again. Continue independent work or end the turn; Orchestra will resume you when the outcome arrives. Do not start a duplicate merge or merge manually."
2026-09-13T04:37:06.923969+00:00,mcp__orchestra__merge_worker,"STILL PENDING — NOT a failure. Merge operation 5c2d1181-f561-49cc-ae52-9f78304c60d4 continues on the server. Background job bg-b875cc934f will deliver its outcome. Do not poll or call merge_worker again. Continue independent work or end the turn; Orchestra will resume you when the outcome arrives. Do not start a duplicate merge or merge manually."
2026-09-13T04:49:32.722905+00:00,mcp__orchestra__merge_worker,"{'schema_version': 1, 'operation_id': '1d9ef015-25f6-4329-8bd4-92f9ae3ab2e0', 'operation_state': 'PENDING', 'retryable': True, 'commit_point': 'NOT_REACHED', 'git': {'status': 'NOT_STARTED', 'target_branch': 'main', 'target_before': None, 'target_after': None, 'worker_branch': 'task-V-564/chart-in-log', 'worker_head': 'e5538230102dbb24f85a32a20b1be8a0581c1bed', 'conflicts': []}, 'task_links': {'status': 'NOT_RUN', 'items': {}}, 'rag': {'status': 'NOT_RUN'}, 'lifecycle': {'status': 'NOT_RUN'}, 'next_task': {'status': 'NOT_REQUESTED'}, 'error': None, 'warnings': [], 'next_action': {'code': 'CHECK_SAME_OPERATION', 'message': 'Check operation 1d9ef015-25f6-4329-8bd4-92f9ae3ab2e0; do not merge manually.'}, 'admission': {'target': {'branch': 'main', 'sha': 'b15940ba5a9c9be64905e5b247512d9e4bab1c31'}, 'oracle': {'source': 'none', 'task_id': 'V-564', 'revision': 0, 'ref': 'b15940ba5a9c9be64905e5b247512d9e4bab1c31', 'hash': '', 'status': 'not_required'}, 'mapped_files': [], 'target_recheck': {'"
2026-09-13T04:50:02.591989+00:00,mcp__orchestra__merge_worker,"{'schema_version': 1, 'operation_id': '96f47b71-c2f7-448c-8cd7-ecbb5848b546', 'operation_state': 'PENDING', 'retryable': True, 'commit_point': 'NOT_REACHED', 'git': {'status': 'NOT_STARTED', 'target_branch': 'main', 'target_before': None, 'target_after': None, 'worker_branch': 'task-V-88/painter-rescue', 'worker_head': 'a1fcd332b840d9566da65555c8cd55563e8dfe3c', 'conflicts': []}, 'task_links': {'status': 'NOT_RUN', 'items': {}}, 'rag': {'status': 'NOT_RUN'}, 'lifecycle': {'status': 'NOT_RUN'}, 'next_task': {'status': 'NOT_REQUESTED'}, 'error': None, 'warnings': [], 'next_action': {'code': 'CHECK_SAME_OPERATION', 'message': 'Check operation 96f47b71-c2f7-448c-8cd7-ecbb5848b546; do not merge manually.'}, 'admission': {'target': {'branch': 'main', 'sha': '2f8e14e2e5d0fadd361be835c00306f9923d65f5'}, 'oracle': {'source': 'none', 'task_id': 'V-88', 'revision': 0, 'ref': '2f8e14e2e5d0fadd361be835c00306f9923d65f5', 'hash': '', 'status': 'not_required'}, 'mapped_files': [], 'target_recheck': {'"
2026-09-13T05:07:06.714730+00:00,mcp__orchestra__merge_worker,"STILL PENDING — NOT a failure. Merge operation 7350975b-f6a9-43af-a7f7-e4543689befa continues on the server. Background job bg-660d28ac6a will deliver its outcome. Do not poll or call merge_worker again. Continue independent work or end the turn; Orchestra will resume you when the outcome arrives. Do not start a duplicate merge or merge manually."
2026-09-13T05:07:37.823868+00:00,mcp__orchestra__merge_worker,"STILL PENDING — NOT a failure. Merge operation 9ed80879-9421-4bf9-973a-2260f2d49627 continues on the server. Background job bg-c27242f22d will deliver its outcome. Do not poll or call merge_worker again. Continue independent work or end the turn; Orchestra will resume you when the outcome arrives. Do not start a duplicate merge or merge manually."
2026-09-13T05:09:37.670775+00:00,mcp__orchestra__merge_worker,"{'schema_version': 1, 'operation_id': '7ede6474-f64e-4a65-8d43-158276a70d73', 'operation_state': 'PENDING', 'retryable': True, 'commit_point': 'NOT_REACHED', 'git': {'status': 'NOT_STARTED', 'target_branch': 'main', 'target_before': None, 'target_after': None, 'worker_branch': 'adhoc-1789275039-8/painter-rescue', 'worker_head': 'fdf674f9b405858056a2faba99384923e20bafaa', 'conflicts': []}, 'task_links': {'status': 'NOT_RUN', 'items': {}}, 'rag': {'status': 'NOT_RUN'}, 'lifecycle': {'status': 'NOT_RUN'}, 'next_task': {'status': 'NOT_REQUESTED'}, 'error': None, 'warnings': [], 'next_action': {'code': 'CHECK_SAME_OPERATION', 'message': 'Check operation 7ede6474-f64e-4a65-8d43-158276a70d73; do not merge manually.'}, 'admission': {'target': {'branch': 'main', 'sha': 'd813fb1bb8dc6e05e57ee71943c8091802ad6765'}, 'oracle': {'source': 'none', 'task_id': '', 'revision': 0, 'ref': 'd813fb1bb8dc6e05e57ee71943c8091802ad6765', 'hash': '', 'status': 'not_required'}, 'mapped_files': [], 'target_recheck"
2026-09-13T05:10:17.968310+00:00,mcp__orchestra__merge_worker,"{'schema_version': 1, 'operation_id': '7b9f989d-2698-4764-89a9-84ab455235da', 'operation_state': 'PENDING', 'retryable': True, 'commit_point': 'NOT_REACHED', 'git': {'status': 'NOT_STARTED', 'target_branch': 'main', 'target_before': None, 'target_after': None, 'worker_branch': 'task-V-90/painter-rescue', 'worker_head': 'fdf674f9b405858056a2faba99384923e20bafaa', 'conflicts': []}, 'task_links': {'status': 'NOT_RUN', 'items': {}}, 'rag': {'status': 'NOT_RUN'}, 'lifecycle': {'status': 'NOT_RUN'}, 'next_task': {'status': 'NOT_REQUESTED'}, 'error': None, 'warnings': [], 'next_action': {'code': 'CHECK_SAME_OPERATION', 'message': 'Check operation 7b9f989d-2698-4764-89a9-84ab455235da; do not merge manually.'}, 'admission': {'target': {'branch': 'main', 'sha': 'd813fb1bb8dc6e05e57ee71943c8091802ad6765'}, 'oracle': {'source': 'none', 'task_id': 'V-90', 'revision': 0, 'ref': 'd813fb1bb8dc6e05e57ee71943c8091802ad6765', 'hash': '', 'status': 'not_required'}, 'mapped_files': [], 'target_recheck': {'"
2026-09-13T05:28:35.989047+00:00,mcp__orchestra__merge_worker,"{'schema_version': 1, 'operation_id': '37adf47d-2d4f-4efd-a884-ab9806cc7f38', 'operation_state': 'PENDING', 'retryable': True, 'commit_point': 'NOT_REACHED', 'git': {'status': 'NOT_STARTED', 'target_branch': 'main', 'target_before': None, 'target_after': None, 'worker_branch': 'task-V-567/agent-colors', 'worker_head': '98ea12ee2395bedb46856cbe41aa6c424da08c85', 'conflicts': []}, 'task_links': {'status': 'NOT_RUN', 'items': {}}, 'rag': {'status': 'NOT_RUN'}, 'lifecycle': {'status': 'NOT_RUN'}, 'next_task': {'status': 'NOT_REQUESTED'}, 'error': None, 'warnings': [], 'next_action': {'code': 'CHECK_SAME_OPERATION', 'message': 'Check operation 37adf47d-2d4f-4efd-a884-ab9806cc7f38; do not merge manually.'}, 'admission': {'target': {'branch': 'main', 'sha': '6a6c9e9bd0a06bf4817a84cc3bb9681daac2cb5d'}, 'oracle': {'source': 'none', 'task_id': 'V-567', 'revision': 0, 'ref': '6a6c9e9bd0a06bf4817a84cc3bb9681daac2cb5d', 'hash': '', 'status': 'not_required'}, 'mapped_files': [], 'target_recheck': {'"
2026-09-13T05:44:51.303257+00:00,mcp__orchestra__merge_worker,"{'schema_version': 1, 'operation_id': 'f66dafe7-201d-4a98-af00-8b4e7f456b72', 'operation_state': 'PENDING', 'retryable': True, 'commit_point': 'NOT_REACHED', 'git': {'status': 'NOT_STARTED', 'target_branch': 'main', 'target_before': None, 'target_after': None, 'worker_branch': 'task-V-89/painter-latency', 'worker_head': 'bef1e9154122df429e6d4841049fa3b0f59686ac', 'conflicts': []}, 'task_links': {'status': 'NOT_RUN', 'items': {}}, 'rag': {'status': 'NOT_RUN'}, 'lifecycle': {'status': 'NOT_RUN'}, 'next_task': {'status': 'NOT_REQUESTED'}, 'error': None, 'warnings': [], 'next_action': {'code': 'CHECK_SAME_OPERATION', 'message': 'Check operation f66dafe7-201d-4a98-af00-8b4e7f456b72; do not merge manually.'}, 'admission': {'target': {'branch': 'main', 'sha': '025232baeda53a8c1410140de1ddff8d6f1d96e4'}, 'oracle': {'source': 'none', 'task_id': 'V-89', 'revision': 0, 'ref': '025232baeda53a8c1410140de1ddff8d6f1d96e4', 'hash': '', 'status': 'not_required'}, 'mapped_files': [], 'target_recheck': {"
2026-09-13T05:52:19.817482+00:00,mcp__orchestra__merge_worker,"{'schema_version': 1, 'operation_id': 'e10350c8-b733-41db-8d44-efe6043198ec', 'operation_state': 'PENDING', 'retryable': True, 'commit_point': 'NOT_REACHED', 'git': {'status': 'NOT_STARTED', 'target_branch': 'main', 'target_before': None, 'target_after': None, 'worker_branch': 'task-V-91/stand-luna', 'worker_head': '7909f14f91a9be1616cc0c124c0588c5c8734d63', 'conflicts': []}, 'task_links': {'status': 'NOT_RUN', 'items': {}}, 'rag': {'status': 'NOT_RUN'}, 'lifecycle': {'status': 'NOT_RUN'}, 'next_task': {'status': 'NOT_REQUESTED'}, 'error': None, 'warnings': [], 'next_action': {'code': 'CHECK_SAME_OPERATION', 'message': 'Check operation e10350c8-b733-41db-8d44-efe6043198ec; do not merge manually.'}, 'admission': {'target': {'branch': 'main', 'sha': '3dc5c9b4bdcffce7bc09d000adf9cbee33fa3bcd'}, 'oracle': {'source': 'none', 'task_id': 'V-91', 'revision': 0, 'ref': '3dc5c9b4bdcffce7bc09d000adf9cbee33fa3bcd', 'hash': '', 'status': 'not_required'}, 'mapped_files': [], 'target_recheck': {'expe"
2026-09-13T05:52:56.537615+00:00,mcp__orchestra__merge_worker,"{'schema_version': 1, 'operation_id': '002cb4b3-f666-47e7-bee2-1da67a11e73a', 'operation_state': 'PENDING', 'retryable': True, 'commit_point': 'NOT_REACHED', 'git': {'status': 'NOT_STARTED', 'target_branch': 'main', 'target_before': None, 'target_after': None, 'worker_branch': 'adhoc-1789276316-9/painter-rescue', 'worker_head': 'f715849e8de2f9aa41cd12a8551646aa83bfa100', 'conflicts': []}, 'task_links': {'status': 'NOT_RUN', 'items': {}}, 'rag': {'status': 'NOT_RUN'}, 'lifecycle': {'status': 'NOT_RUN'}, 'next_task': {'status': 'NOT_REQUESTED'}, 'error': None, 'warnings': [], 'next_action': {'code': 'CHECK_SAME_OPERATION', 'message': 'Check operation 002cb4b3-f666-47e7-bee2-1da67a11e73a; do not merge manually.'}, 'admission': {'target': {'branch': 'main', 'sha': '011041fd437af5362ff00f0e35949508fb4f6228'}, 'oracle': {'source': 'none', 'task_id': '', 'revision': 0, 'ref': '011041fd437af5362ff00f0e35949508fb4f6228', 'hash': '', 'status': 'not_required'}, 'mapped_files': [], 'target_recheck"
2026-09-13T05:53:31.983965+00:00,mcp__orchestra__merge_worker,"{'schema_version': 1, 'operation_id': '1f5b2d90-1066-40af-a599-90d00b688dde', 'operation_state': 'PENDING', 'retryable': True, 'commit_point': 'NOT_REACHED', 'git': {'status': 'NOT_STARTED', 'target_branch': 'main', 'target_before': None, 'target_after': None, 'worker_branch': 'task-V-92/painter-rescue', 'worker_head': 'f715849e8de2f9aa41cd12a8551646aa83bfa100', 'conflicts': []}, 'task_links': {'status': 'NOT_RUN', 'items': {}}, 'rag': {'status': 'NOT_RUN'}, 'lifecycle': {'status': 'NOT_RUN'}, 'next_task': {'status': 'NOT_REQUESTED'}, 'error': None, 'warnings': [], 'next_action': {'code': 'CHECK_SAME_OPERATION', 'message': 'Check operation 1f5b2d90-1066-40af-a599-90d00b688dde; do not merge manually.'}, 'admission': {'target': {'branch': 'main', 'sha': '011041fd437af5362ff00f0e35949508fb4f6228'}, 'oracle': {'source': 'none', 'task_id': 'V-92', 'revision': 0, 'ref': '011041fd437af5362ff00f0e35949508fb4f6228', 'hash': '', 'status': 'not_required'}, 'mapped_files': [], 'target_recheck': {'"
2026-09-13T06:03:28.381450+00:00,mcp__orchestra__merge_worker,"{'schema_version': 1, 'operation_id': 'dca8ddc3-f90f-469f-8cc6-2ac186095e3d', 'operation_state': 'PENDING', 'retryable': True, 'commit_point': 'NOT_REACHED', 'git': {'status': 'NOT_STARTED', 'target_branch': 'main', 'target_before': None, 'target_after': None, 'worker_branch': 'task-V-566/bench-master', 'worker_head': '10176bfb173c4ec450425a2364633bd75eba1efb', 'conflicts': []}, 'task_links': {'status': 'NOT_RUN', 'items': {}}, 'rag': {'status': 'NOT_RUN'}, 'lifecycle': {'status': 'NOT_RUN'}, 'next_task': {'status': 'NOT_REQUESTED'}, 'error': None, 'warnings': [], 'next_action': {'code': 'CHECK_SAME_OPERATION', 'message': 'Check operation dca8ddc3-f90f-469f-8cc6-2ac186095e3d; do not merge manually.'}, 'admission': {'target': {'branch': 'main', 'sha': '61b99180756209f2ddaa05f0864af3d41371bf5d'}, 'oracle': {'source': 'none', 'task_id': 'V-566', 'revision': 0, 'ref': '61b99180756209f2ddaa05f0864af3d41371bf5d', 'hash': '', 'status': 'not_required'}, 'mapped_files': [], 'target_recheck': {'"
2026-09-13T06:03:56.783919+00:00,mcp__orchestra__merge_worker,"{'schema_version': 1, 'operation_id': 'f8d3316f-cefc-442f-bb26-7854ee2b3c74', 'operation_state': 'PENDING', 'retryable': True, 'commit_point': 'NOT_REACHED', 'git': {'status': 'NOT_STARTED', 'target_branch': 'main', 'target_before': None, 'target_after': None, 'worker_branch': 'task-V-566/bench-master', 'worker_head': '10176bfb173c4ec450425a2364633bd75eba1efb', 'conflicts': []}, 'task_links': {'status': 'NOT_RUN', 'items': {}}, 'rag': {'status': 'NOT_RUN'}, 'lifecycle': {'status': 'NOT_RUN'}, 'next_task': {'status': 'NOT_REQUESTED'}, 'error': None, 'warnings': [], 'next_action': {'code': 'CHECK_SAME_OPERATION', 'message': 'Check operation f8d3316f-cefc-442f-bb26-7854ee2b3c74; do not merge manually.'}, 'admission': {'target': {'branch': 'main', 'sha': '61b99180756209f2ddaa05f0864af3d41371bf5d'}, 'oracle': {'source': 'none', 'task_id': 'V-566', 'revision': 0, 'ref': '61b99180756209f2ddaa05f0864af3d41371bf5d', 'hash': '', 'status': 'not_required'}, 'mapped_files': [], 'target_recheck': {'"
2026-09-13T06:10:15.278527+00:00,mcp__orchestra__merge_worker,"{'schema_version': 1, 'operation_id': '6a91657c-943a-4338-b58d-b5d03054460e', 'operation_state': 'PENDING', 'retryable': True, 'commit_point': 'NOT_REACHED', 'git': {'status': 'NOT_STARTED', 'target_branch': 'main', 'target_before': None, 'target_after': None, 'worker_branch': 'task-V-565/prompt-engineer', 'worker_head': 'ef8034acb68740f4566e9b79a9baf7f9beb0dc8d', 'conflicts': []}, 'task_links': {'status': 'NOT_RUN', 'items': {}}, 'rag': {'status': 'NOT_RUN'}, 'lifecycle': {'status': 'NOT_RUN'}, 'next_task': {'status': 'NOT_REQUESTED'}, 'error': None, 'warnings': [], 'next_action': {'code': 'CHECK_SAME_OPERATION', 'message': 'Check operation 6a91657c-943a-4338-b58d-b5d03054460e; do not merge manually.'}, 'admission': {'target': {'branch': 'main', 'sha': 'b2aedcd6dd565964ca9cdeabb0031a72098aa60c'}, 'oracle': {'source': 'none', 'task_id': 'V-565', 'revision': 0, 'ref': 'b2aedcd6dd565964ca9cdeabb0031a72098aa60c', 'hash': '', 'status': 'not_required'}, 'mapped_files': [], 'target_recheck':"
2026-09-13T06:51:23.151999+00:00,mcp__orchestra__merge_worker,"{'schema_version': 1, 'operation_id': '2792210b-ac02-4bb8-aa48-4c647d076cc4', 'operation_state': 'PENDING', 'retryable': True, 'commit_point': 'NOT_REACHED', 'git': {'status': 'NOT_STARTED', 'target_branch': 'main', 'target_before': None, 'target_after': None, 'worker_branch': 'adhoc-1789279004-10/painter-rescue', 'worker_head': '6f2ce5b8bbe45e7c62caf5eefe3a4f4b9c7053c9', 'conflicts': []}, 'task_links': {'status': 'NOT_RUN', 'items': {}}, 'rag': {'status': 'NOT_RUN'}, 'lifecycle': {'status': 'NOT_RUN'}, 'next_task': {'status': 'NOT_REQUESTED'}, 'error': None, 'warnings': [], 'next_action': {'code': 'CHECK_SAME_OPERATION', 'message': 'Check operation 2792210b-ac02-4bb8-aa48-4c647d076cc4; do not merge manually.'}, 'admission': {'target': {'branch': 'main', 'sha': 'd6b35e8cb53a0c79b39148bc2c0720c9c43d61f5'}, 'oracle': {'source': 'none', 'task_id': '', 'revision': 0, 'ref': 'd6b35e8cb53a0c79b39148bc2c0720c9c43d61f5', 'hash': '', 'status': 'not_required'}, 'mapped_files': [], 'target_rechec"
2026-09-13T06:57:57.199376+00:00,mcp__orchestra__merge_worker,"STILL PENDING — NOT a failure. Merge operation 58c0fc89-4480-476b-a2ad-9652f3e8e3d0 continues on the server. Background job bg-1eaadd620d will deliver its outcome. Do not poll or call merge_worker again. Continue independent work or end the turn; Orchestra will resume you when the outcome arrives. Do not start a duplicate merge or merge manually."
2026-09-13T07:39:50.866067+00:00,mcp__orchestra__merge_worker,"{'schema_version': 1, 'operation_id': 'bd3007e6-2651-4164-90d7-96c6caba24f2', 'operation_state': 'PENDING', 'retryable': True, 'commit_point': 'NOT_REACHED', 'git': {'status': 'NOT_STARTED', 'target_branch': 'main', 'target_before': None, 'target_after': None, 'worker_branch': 'adhoc-1789279004-10/painter-rescue', 'worker_head': 'aa0a22eba983b82aadd0f253a5fa62c73560d1fb', 'conflicts': []}, 'task_links': {'status': 'NOT_RUN', 'items': {}}, 'rag': {'status': 'NOT_RUN'}, 'lifecycle': {'status': 'NOT_RUN'}, 'next_task': {'status': 'NOT_REQUESTED'}, 'error': None, 'warnings': [], 'next_action': {'code': 'CHECK_SAME_OPERATION', 'message': 'Check operation bd3007e6-2651-4164-90d7-96c6caba24f2; do not merge manually.'}, 'admission': {'target': {'branch': 'main', 'sha': 'b72c6a22cb9fc40052b27bc24540a73a8709602f'}, 'oracle': {'source': 'none', 'task_id': '', 'revision': 0, 'ref': 'b72c6a22cb9fc40052b27bc24540a73a8709602f', 'hash': '', 'status': 'not_required'}, 'mapped_files': [], 'target_rechec"
2026-09-13T07:41:18.038404+00:00,mcp__orchestra__merge_worker,"{'schema_version': 1, 'operation_id': '625dd3a6-b435-4679-962c-dd1220e7bdc0', 'operation_state': 'PENDING', 'retryable': True, 'commit_point': 'NOT_REACHED', 'git': {'status': 'NOT_STARTED', 'target_branch': 'main', 'target_before': None, 'target_after': None, 'worker_branch': 'adhoc-1789279004-10/painter-rescue', 'worker_head': 'aa0a22eba983b82aadd0f253a5fa62c73560d1fb', 'conflicts': []}, 'task_links': {'status': 'NOT_RUN', 'items': {}}, 'rag': {'status': 'NOT_RUN'}, 'lifecycle': {'status': 'NOT_RUN'}, 'next_task': {'status': 'NOT_REQUESTED'}, 'error': None, 'warnings': [], 'next_action': {'code': 'CHECK_SAME_OPERATION', 'message': 'Check operation 625dd3a6-b435-4679-962c-dd1220e7bdc0; do not merge manually.'}, 'admission': {'target': {'branch': 'main', 'sha': 'b72c6a22cb9fc40052b27bc24540a73a8709602f'}, 'oracle': {'source': 'none', 'task_id': '', 'revision': 0, 'ref': 'b72c6a22cb9fc40052b27bc24540a73a8709602f', 'hash': '', 'status': 'not_required'}, 'mapped_files': [], 'target_rechec"
2026-09-13T08:13:40.456563+00:00,mcp__orchestra__merge_worker,"STILL PENDING — NOT a failure. Merge operation 31d2e91b-2112-4300-8d16-698c862bc8fd continues on the server. Background job bg-de94b3a800 will deliver its outcome. Do not poll or call merge_worker again. Continue independent work or end the turn; Orchestra will resume you when the outcome arrives. Do not start a duplicate merge or merge manually."
2026-09-13T08:54:30.791409+00:00,mcp__orchestra__merge_worker,"{'schema_version': 1, 'operation_id': '22c10e44-5dc9-49c2-9d35-d56d27330087', 'operation_state': 'PENDING', 'retryable': True, 'commit_point': 'NOT_REACHED', 'git': {'status': 'NOT_STARTED', 'target_branch': 'main', 'target_before': None, 'target_after': None, 'worker_branch': 'adhoc-1789228580-4/globe-astra', 'worker_head': 'b3c83586c7bde718ded2933cda77e83115bc1858', 'conflicts': []}, 'task_links': {'status': 'NOT_RUN', 'items': {}}, 'rag': {'status': 'NOT_RUN'}, 'lifecycle': {'status': 'NOT_RUN'}, 'next_task': {'status': 'NOT_REQUESTED'}, 'error': None, 'warnings': [], 'next_action': {'code': 'CHECK_SAME_OPERATION', 'message': 'Check operation 22c10e44-5dc9-49c2-9d35-d56d27330087; do not merge manually.'}, 'admission': {'target': {'branch': 'main', 'sha': 'b72c6a22cb9fc40052b27bc24540a73a8709602f'}, 'oracle': {'source': 'none', 'task_id': '', 'revision': 0, 'ref': 'b72c6a22cb9fc40052b27bc24540a73a8709602f', 'hash': '', 'status': 'not_required'}, 'mapped_files': [], 'target_recheck': "
2026-09-13T08:55:18.653677+00:00,mcp__orchestra__merge_worker,"{'schema_version': 1, 'operation_id': '3e86e66c-cb8e-400d-a24f-f13deebc8596', 'operation_state': 'PENDING', 'retryable': True, 'commit_point': 'NOT_REACHED', 'git': {'status': 'NOT_STARTED', 'target_branch': 'main', 'target_before': None, 'target_after': None, 'worker_branch': 'task-V-97/globe-astra', 'worker_head': 'b3c83586c7bde718ded2933cda77e83115bc1858', 'conflicts': []}, 'task_links': {'status': 'NOT_RUN', 'items': {}}, 'rag': {'status': 'NOT_RUN'}, 'lifecycle': {'status': 'NOT_RUN'}, 'next_task': {'status': 'NOT_REQUESTED'}, 'error': None, 'warnings': [], 'next_action': {'code': 'CHECK_SAME_OPERATION', 'message': 'Check operation 3e86e66c-cb8e-400d-a24f-f13deebc8596; do not merge manually.'}, 'admission': {'target': {'branch': 'main', 'sha': 'b72c6a22cb9fc40052b27bc24540a73a8709602f'}, 'oracle': {'source': 'none', 'task_id': 'V-97', 'revision': 0, 'ref': 'b72c6a22cb9fc40052b27bc24540a73a8709602f', 'hash': '', 'status': 'not_required'}, 'mapped_files': [], 'target_recheck': {'exp"
2026-09-13T09:13:05.237211+00:00,mcp__orchestra__merge_worker,"{'schema_version': 1, 'operation_id': '09d35e02-b706-4adc-9428-0a6e798ef87e', 'operation_state': 'PENDING', 'retryable': True, 'commit_point': 'NOT_REACHED', 'git': {'status': 'NOT_STARTED', 'target_branch': 'main', 'target_before': None, 'target_after': None, 'worker_branch': 'adhoc-1789289758-12/globe-astra', 'worker_head': 'a511825f7cb7d3d2cb5f752ea6d6677ed2ea0651', 'conflicts': []}, 'task_links': {'status': 'NOT_RUN', 'items': {}}, 'rag': {'status': 'NOT_RUN'}, 'lifecycle': {'status': 'NOT_RUN'}, 'next_task': {'status': 'NOT_REQUESTED'}, 'error': None, 'warnings': [], 'next_action': {'code': 'CHECK_SAME_OPERATION', 'message': 'Check operation 09d35e02-b706-4adc-9428-0a6e798ef87e; do not merge manually.'}, 'admission': {'target': {'branch': 'main', 'sha': '874889c1acfd5b2e85e33646efbfbda5080b8fd4'}, 'oracle': {'source': 'none', 'task_id': '', 'revision': 0, 'ref': '874889c1acfd5b2e85e33646efbfbda5080b8fd4', 'hash': '', 'status': 'not_required'}, 'mapped_files': [], 'target_recheck':"
2026-09-13T09:13:48.866878+00:00,mcp__orchestra__merge_worker,"{'schema_version': 1, 'operation_id': 'd05d8d10-4048-4327-ac89-97ed5fef54cc', 'operation_state': 'PENDING', 'retryable': True, 'commit_point': 'NOT_REACHED', 'git': {'status': 'NOT_STARTED', 'target_branch': 'main', 'target_before': None, 'target_after': None, 'worker_branch': 'task-V-98/globe-astra', 'worker_head': 'a511825f7cb7d3d2cb5f752ea6d6677ed2ea0651', 'conflicts': []}, 'task_links': {'status': 'NOT_RUN', 'items': {}}, 'rag': {'status': 'NOT_RUN'}, 'lifecycle': {'status': 'NOT_RUN'}, 'next_task': {'status': 'NOT_REQUESTED'}, 'error': None, 'warnings': [], 'next_action': {'code': 'CHECK_SAME_OPERATION', 'message': 'Check operation d05d8d10-4048-4327-ac89-97ed5fef54cc; do not merge manually.'}, 'admission': {'target': {'branch': 'main', 'sha': '874889c1acfd5b2e85e33646efbfbda5080b8fd4'}, 'oracle': {'source': 'none', 'task_id': 'V-98', 'revision': 0, 'ref': '874889c1acfd5b2e85e33646efbfbda5080b8fd4', 'hash': '', 'status': 'not_required'}, 'mapped_files': [], 'target_recheck': {'exp"
2026-09-13T09:37:30.405606+00:00,mcp__orchestra__merge_worker,"{'schema_version': 1, 'operation_id': '2b90dd41-52e6-4870-9c8f-6f3671781240', 'operation_state': 'PENDING', 'retryable': True, 'commit_point': 'NOT_REACHED', 'git': {'status': 'NOT_STARTED', 'target_branch': 'main', 'target_before': None, 'target_after': None, 'worker_branch': 'adhoc-1789279004-10/painter-rescue', 'worker_head': '37099bb6d66a72861db38d730927c0724c9b6507', 'conflicts': []}, 'task_links': {'status': 'NOT_RUN', 'items': {}}, 'rag': {'status': 'NOT_RUN'}, 'lifecycle': {'status': 'NOT_RUN'}, 'next_task': {'status': 'NOT_REQUESTED'}, 'error': None, 'warnings': [], 'next_action': {'code': 'CHECK_SAME_OPERATION', 'message': 'Check operation 2b90dd41-52e6-4870-9c8f-6f3671781240; do not merge manually.'}, 'admission': {'target': {'branch': 'main', 'sha': 'aadbe892693c96dd71fb6d8abc1d0aca2a457512'}, 'oracle': {'source': 'none', 'task_id': 'V-96', 'revision': 0, 'ref': 'aadbe892693c96dd71fb6d8abc1d0aca2a457512', 'hash': '', 'status': 'not_required'}, 'mapped_files': [], 'target_re"
2026-09-13T11:07:33.788206+00:00,mcp__orchestra__merge_worker,"{'schema_version': 1, 'operation_id': 'a0ec45c0-0ba0-4aba-ae7a-323a5a3efa53', 'operation_state': 'PENDING', 'retryable': True, 'commit_point': 'NOT_REACHED', 'git': {'status': 'NOT_STARTED', 'target_branch': 'main', 'target_before': None, 'target_after': None, 'worker_branch': 'task-V-98/globe-astra', 'worker_head': '48f1648593becb1fd822c2320935bd1b820098fd', 'conflicts': []}, 'task_links': {'status': 'NOT_RUN', 'items': {}}, 'rag': {'status': 'NOT_RUN'}, 'lifecycle': {'status': 'NOT_RUN'}, 'next_task': {'status': 'NOT_REQUESTED'}, 'error': None, 'warnings': [], 'next_action': {'code': 'CHECK_SAME_OPERATION', 'message': 'Check operation a0ec45c0-0ba0-4aba-ae7a-323a5a3efa53; do not merge manually.'}, 'admission': {'target': {'branch': 'main', 'sha': '499b3b8b7d31cafd126c1154e671345bae0225ac'}, 'oracle': {'source': 'none', 'task_id': 'V-98', 'revision': 0, 'ref': '499b3b8b7d31cafd126c1154e671345bae0225ac', 'hash': '', 'status': 'not_required'}, 'mapped_files': [], 'target_recheck': {'exp"
2026-09-13T11:49:53.784034+00:00,mcp__orchestra__merge_worker,"{'schema_version': 1, 'operation_id': '8f5aa9f0-996f-4d5f-8ebf-871201bea4be', 'operation_state': 'PENDING', 'retryable': True, 'commit_point': 'NOT_REACHED', 'git': {'status': 'NOT_STARTED', 'target_branch': 'main', 'target_before': None, 'target_after': None, 'worker_branch': 'task-V-568/context-cost', 'worker_head': '90d4624487b32ad6526120438d6c784c6aadd98a', 'conflicts': []}, 'task_links': {'status': 'NOT_RUN', 'items': {}}, 'rag': {'status': 'NOT_RUN'}, 'lifecycle': {'status': 'NOT_RUN'}, 'next_task': {'status': 'NOT_REQUESTED'}, 'error': None, 'warnings': [], 'next_action': {'code': 'CHECK_SAME_OPERATION', 'message': 'Check operation 8f5aa9f0-996f-4d5f-8ebf-871201bea4be; do not merge manually.'}, 'admission': {'target': {'branch': 'main', 'sha': '0729640d61bea894c5a18adbe22fddd15bed39e7'}, 'oracle': {'source': 'none', 'task_id': 'V-568', 'revision': 0, 'ref': '0729640d61bea894c5a18adbe22fddd15bed39e7', 'hash': '', 'status': 'not_required'}, 'mapped_files': [], 'target_recheck': {'"
2026-09-13T12:18:34.297396+00:00,mcp__orchestra__merge_worker,"STILL PENDING — NOT a failure. Merge operation fcc0f2a2-463d-4497-9df8-576d327155b2 continues on the server. Background job bg-bf3a04f843 will deliver its outcome. Do not poll or call merge_worker again. Continue independent work or end the turn; Orchestra will resume you when the outcome arrives. Do not start a duplicate merge or merge manually."
2026-09-13T13:03:13.264833+00:00,mcp__orchestra__merge_worker,"STILL PENDING — NOT a failure. Merge operation 6ca48c0d-8be0-4966-95e2-32f094d8891b continues on the server. Background job bg-422c0d2653 will deliver its outcome. Do not poll or call merge_worker again. Continue independent work or end the turn; Orchestra will resume you when the outcome arrives. Do not start a duplicate merge or merge manually."
2026-09-13T13:15:40.575231+00:00,mcp__orchestra__merge_worker,"{'schema_version': 1, 'operation_id': '0a89af91-e581-4b68-9fcd-84cbf1515b1e', 'operation_state': 'PENDING', 'retryable': True, 'commit_point': 'NOT_REACHED', 'git': {'status': 'NOT_STARTED', 'target_branch': 'main', 'target_before': None, 'target_after': None, 'worker_branch': 'task-V-570/prompt-engineer', 'worker_head': '22551bd934d44cf64b808226535ca3cda0f73aec', 'conflicts': []}, 'task_links': {'status': 'NOT_RUN', 'items': {}}, 'rag': {'status': 'NOT_RUN'}, 'lifecycle': {'status': 'NOT_RUN'}, 'next_task': {'status': 'NOT_REQUESTED'}, 'error': None, 'warnings': [], 'next_action': {'code': 'CHECK_SAME_OPERATION', 'message': 'Check operation 0a89af91-e581-4b68-9fcd-84cbf1515b1e; do not merge manually.'}, 'admission': {'target': {'branch': 'main', 'sha': 'd6ea8b8255719c4f1bfb2142a42289145fe7ad5d'}, 'oracle': {'source': 'none', 'task_id': 'V-570', 'revision': 0, 'ref': 'd6ea8b8255719c4f1bfb2142a42289145fe7ad5d', 'hash': '', 'status': 'not_required'}, 'mapped_files': [], 'target_recheck':"
2026-09-13T13:31:46.274260+00:00,mcp__orchestra__merge_worker,"{'schema_version': 1, 'operation_id': 'b4b44539-4ce8-4d43-bb2f-ba2ae525f1ab', 'operation_state': 'PENDING', 'retryable': True, 'commit_point': 'NOT_REACHED', 'git': {'status': 'NOT_STARTED', 'target_branch': 'main', 'target_before': None, 'target_after': None, 'worker_branch': 'task-V-86/photobooth-astra', 'worker_head': '11fdc9ec741fbf5350d3a92fe166ec2516c5253a', 'conflicts': []}, 'task_links': {'status': 'NOT_RUN', 'items': {}}, 'rag': {'status': 'NOT_RUN'}, 'lifecycle': {'status': 'NOT_RUN'}, 'next_task': {'status': 'NOT_REQUESTED'}, 'error': None, 'warnings': [], 'next_action': {'code': 'CHECK_SAME_OPERATION', 'message': 'Check operation b4b44539-4ce8-4d43-bb2f-ba2ae525f1ab; do not merge manually.'}, 'admission': {'target': {'branch': 'main', 'sha': '4dc40637a639419c540733740825bb7ba226bb84'}, 'oracle': {'source': 'none', 'task_id': 'V-86', 'revision': 0, 'ref': '4dc40637a639419c540733740825bb7ba226bb84', 'hash': '', 'status': 'not_required'}, 'mapped_files': [], 'target_recheck': "
2026-09-13T13:51:37.482583+00:00,mcp__orchestra__merge_worker,"{'schema_version': 1, 'operation_id': '4db4398d-55fb-4553-8b12-f5369e62b962', 'operation_state': 'PENDING', 'retryable': True, 'commit_point': 'NOT_REACHED', 'git': {'status': 'NOT_STARTED', 'target_branch': 'main', 'target_before': None, 'target_after': None, 'worker_branch': 'adhoc-1789306782-13/prompt-engineer', 'worker_head': '6ec6f0e625706f3d928ba32cd2fa48ee07b900d9', 'conflicts': []}, 'task_links': {'status': 'NOT_RUN', 'items': {}}, 'rag': {'status': 'NOT_RUN'}, 'lifecycle': {'status': 'NOT_RUN'}, 'next_task': {'status': 'NOT_REQUESTED'}, 'error': None, 'warnings': [], 'next_action': {'code': 'CHECK_SAME_OPERATION', 'message': 'Check operation 4db4398d-55fb-4553-8b12-f5369e62b962; do not merge manually.'}, 'admission': {'target': {'branch': 'main', 'sha': '9f2916a5327a5f297fabcd96dea9cdeebc11585e'}, 'oracle': {'source': 'none', 'task_id': '', 'revision': 0, 'ref': '9f2916a5327a5f297fabcd96dea9cdeebc11585e', 'hash': '', 'status': 'not_required'}, 'mapped_files': [], 'target_reche"
2026-09-13T13:52:26.875281+00:00,mcp__orchestra__merge_worker,"{'schema_version': 1, 'operation_id': 'c38547ca-1fde-498c-a1cf-6bbbee0947e3', 'operation_state': 'PENDING', 'retryable': True, 'commit_point': 'NOT_REACHED', 'git': {'status': 'NOT_STARTED', 'target_branch': 'main', 'target_before': None, 'target_after': None, 'worker_branch': 'task-V-571/prompt-engineer', 'worker_head': '6ec6f0e625706f3d928ba32cd2fa48ee07b900d9', 'conflicts': []}, 'task_links': {'status': 'NOT_RUN', 'items': {}}, 'rag': {'status': 'NOT_RUN'}, 'lifecycle': {'status': 'NOT_RUN'}, 'next_task': {'status': 'NOT_REQUESTED'}, 'error': None, 'warnings': [], 'next_action': {'code': 'CHECK_SAME_OPERATION', 'message': 'Check operation c38547ca-1fde-498c-a1cf-6bbbee0947e3; do not merge manually.'}, 'admission': {'target': {'branch': 'main', 'sha': '9f2916a5327a5f297fabcd96dea9cdeebc11585e'}, 'oracle': {'source': 'none', 'task_id': 'V-571', 'revision': 0, 'ref': '9f2916a5327a5f297fabcd96dea9cdeebc11585e', 'hash': '', 'status': 'not_required'}, 'mapped_files': [], 'target_recheck':"
2026-09-13T13:53:46.640798+00:00,mcp__orchestra__merge_worker,"{'schema_version': 1, 'operation_id': '3f997d6e-b650-406f-af53-74e7ffc93edb', 'operation_state': 'PENDING', 'retryable': True, 'commit_point': 'NOT_REACHED', 'git': {'status': 'NOT_STARTED', 'target_branch': 'main', 'target_before': None, 'target_after': None, 'worker_branch': 'task-V-96/painter-rescue', 'worker_head': 'c7375cd235854ba4069e5506e005513c6a466386', 'conflicts': []}, 'task_links': {'status': 'NOT_RUN', 'items': {}}, 'rag': {'status': 'NOT_RUN'}, 'lifecycle': {'status': 'NOT_RUN'}, 'next_task': {'status': 'NOT_REQUESTED'}, 'error': None, 'warnings': [], 'next_action': {'code': 'CHECK_SAME_OPERATION', 'message': 'Check operation 3f997d6e-b650-406f-af53-74e7ffc93edb; do not merge manually.'}, 'admission': {'target': {'branch': 'main', 'sha': 'cc097f6d57c7b1b85e0d33f12524a9c12cddf2af'}, 'oracle': {'source': 'none', 'task_id': 'V-96', 'revision': 0, 'ref': 'cc097f6d57c7b1b85e0d33f12524a9c12cddf2af', 'hash': '', 'status': 'not_required'}, 'mapped_files': [], 'target_recheck': {'"
2026-09-13T14:10:24.223137+00:00,mcp__orchestra__merge_worker,"{'schema_version': 1, 'operation_id': 'f7339139-9de4-4d57-bbc6-cd7794ac1402', 'operation_state': 'PENDING', 'retryable': True, 'commit_point': 'NOT_REACHED', 'git': {'status': 'NOT_STARTED', 'target_branch': 'main', 'target_before': None, 'target_after': None, 'worker_branch': 'task-V-98/globe-astra', 'worker_head': 'c48fd6d3e31bb79e904d35642e27f2ed6d471c2a', 'conflicts': []}, 'task_links': {'status': 'NOT_RUN', 'items': {}}, 'rag': {'status': 'NOT_RUN'}, 'lifecycle': {'status': 'NOT_RUN'}, 'next_task': {'status': 'NOT_REQUESTED'}, 'error': None, 'warnings': [], 'next_action': {'code': 'CHECK_SAME_OPERATION', 'message': 'Check operation f7339139-9de4-4d57-bbc6-cd7794ac1402; do not merge manually.'}, 'admission': {'target': {'branch': 'main', 'sha': '2beb4178b8efdb55345fd129a72832da4c785b6d'}, 'oracle': {'source': 'none', 'task_id': 'V-98', 'revision': 0, 'ref': '2beb4178b8efdb55345fd129a72832da4c785b6d', 'hash': '', 'status': 'not_required'}, 'mapped_files': [], 'target_recheck': {'exp"
2026-09-13T14:16:38.958996+00:00,mcp__orchestra__merge_worker,"{'schema_version': 1, 'operation_id': '6ea61a98-e0aa-464b-8cc5-f4750ffe50a5', 'operation_state': 'PENDING', 'retryable': True, 'commit_point': 'NOT_REACHED', 'git': {'status': 'NOT_STARTED', 'target_branch': 'main', 'target_before': None, 'target_after': None, 'worker_branch': 'task-V-572/prompt-engineer', 'worker_head': '3e8b47732652da58c3ceab493416ac3e61002e5d', 'conflicts': []}, 'task_links': {'status': 'NOT_RUN', 'items': {}}, 'rag': {'status': 'NOT_RUN'}, 'lifecycle': {'status': 'NOT_RUN'}, 'next_task': {'status': 'NOT_REQUESTED'}, 'error': None, 'warnings': [], 'next_action': {'code': 'CHECK_SAME_OPERATION', 'message': 'Check operation 6ea61a98-e0aa-464b-8cc5-f4750ffe50a5; do not merge manually.'}, 'admission': {'target': {'branch': 'main', 'sha': '81a6bfbdc45620511aaf9677de55863628ce9bd5'}, 'oracle': {'source': 'none', 'task_id': 'V-572', 'revision': 0, 'ref': '81a6bfbdc45620511aaf9677de55863628ce9bd5', 'hash': '', 'status': 'not_required'}, 'mapped_files': [], 'target_recheck':"
2026-09-13T14:24:30.554150+00:00,mcp__orchestra__merge_worker,"{'schema_version': 1, 'operation_id': '21cc3a69-0b23-42c9-bd1d-767026f9a97d', 'operation_state': 'PENDING', 'retryable': True, 'commit_point': 'NOT_REACHED', 'git': {'status': 'NOT_STARTED', 'target_branch': 'main', 'target_before': None, 'target_after': None, 'worker_branch': 'task-V-98/globe-astra', 'worker_head': '2ef5c3c164cdf633f00cd1edba51f2e024cf522e', 'conflicts': []}, 'task_links': {'status': 'NOT_RUN', 'items': {}}, 'rag': {'status': 'NOT_RUN'}, 'lifecycle': {'status': 'NOT_RUN'}, 'next_task': {'status': 'NOT_REQUESTED'}, 'error': None, 'warnings': [], 'next_action': {'code': 'CHECK_SAME_OPERATION', 'message': 'Check operation 21cc3a69-0b23-42c9-bd1d-767026f9a97d; do not merge manually.'}, 'admission': {'target': {'branch': 'main', 'sha': 'da989402ef6d5e3489c02b5c937c6429a1a3d149'}, 'oracle': {'source': 'none', 'task_id': 'V-98', 'revision': 0, 'ref': 'da989402ef6d5e3489c02b5c937c6429a1a3d149', 'hash': '', 'status': 'not_required'}, 'mapped_files': [], 'target_recheck': {'exp"
2026-09-13T14:30:30.362735+00:00,mcp__orchestra__merge_worker,"{'schema_version': 1, 'operation_id': '9a10c980-64b5-4a2f-bdc0-a14b208a78c9', 'operation_state': 'PENDING', 'retryable': True, 'commit_point': 'NOT_REACHED', 'git': {'status': 'NOT_STARTED', 'target_branch': 'main', 'target_before': None, 'target_after': None, 'worker_branch': 'task-V-86/photobooth-astra', 'worker_head': 'fdc2382ac24ba9cf9757947263a6607b81dd06c7', 'conflicts': []}, 'task_links': {'status': 'NOT_RUN', 'items': {}}, 'rag': {'status': 'NOT_RUN'}, 'lifecycle': {'status': 'NOT_RUN'}, 'next_task': {'status': 'NOT_REQUESTED'}, 'error': None, 'warnings': [], 'next_action': {'code': 'CHECK_SAME_OPERATION', 'message': 'Check operation 9a10c980-64b5-4a2f-bdc0-a14b208a78c9; do not merge manually.'}, 'admission': {'target': {'branch': 'main', 'sha': 'e62499559861d33f1c9c941b8e8200f6be6df596'}, 'oracle': {'source': 'none', 'task_id': 'V-86', 'revision': 0, 'ref': 'e62499559861d33f1c9c941b8e8200f6be6df596', 'hash': '', 'status': 'not_required'}, 'mapped_files': [], 'target_recheck': "
2026-09-13T14:31:49.275123+00:00,mcp__orchestra__merge_worker,"{'schema_version': 1, 'operation_id': 'a77fd984-6939-4da8-a0de-c2e20c3e2910', 'operation_state': 'PENDING', 'retryable': True, 'commit_point': 'NOT_REACHED', 'git': {'status': 'NOT_STARTED', 'target_branch': 'main', 'target_before': None, 'target_after': None, 'worker_branch': 'task-V-98/globe-astra', 'worker_head': '7e2171a956d395b4e2db44deffd8f8ddd2ca5229', 'conflicts': []}, 'task_links': {'status': 'NOT_RUN', 'items': {}}, 'rag': {'status': 'NOT_RUN'}, 'lifecycle': {'status': 'NOT_RUN'}, 'next_task': {'status': 'NOT_REQUESTED'}, 'error': None, 'warnings': [], 'next_action': {'code': 'CHECK_SAME_OPERATION', 'message': 'Check operation a77fd984-6939-4da8-a0de-c2e20c3e2910; do not merge manually.'}, 'admission': {'target': {'branch': 'main', 'sha': '7d6e324e083c553b988ad252650410723c4420f8'}, 'oracle': {'source': 'none', 'task_id': 'V-98', 'revision': 0, 'ref': '7d6e324e083c553b988ad252650410723c4420f8', 'hash': '', 'status': 'not_required'}, 'mapped_files': [], 'target_recheck': {'exp"
2026-09-13T14:52:43.240913+00:00,mcp__orchestra__merge_worker,"{'schema_version': 1, 'operation_id': 'b28373ba-ba7f-439c-b460-4481df3918b9', 'operation_state': 'PENDING', 'retryable': True, 'commit_point': 'NOT_REACHED', 'git': {'status': 'NOT_STARTED', 'target_branch': 'main', 'target_before': None, 'target_after': None, 'worker_branch': 'adhoc-1789310837-14/photobooth-astra', 'worker_head': '495c3a0d1a4d5d5a4568af8d57cce9ab975e497f', 'conflicts': []}, 'task_links': {'status': 'NOT_RUN', 'items': {}}, 'rag': {'status': 'NOT_RUN'}, 'lifecycle': {'status': 'NOT_RUN'}, 'next_task': {'status': 'NOT_REQUESTED'}, 'error': None, 'warnings': [], 'next_action': {'code': 'CHECK_SAME_OPERATION', 'message': 'Check operation b28373ba-ba7f-439c-b460-4481df3918b9; do not merge manually.'}, 'admission': {'target': {'branch': 'main', 'sha': '6caa7bb25271d87183da0429fbe5d3bb70693489'}, 'oracle': {'source': 'none', 'task_id': '', 'revision': 0, 'ref': '6caa7bb25271d87183da0429fbe5d3bb70693489', 'hash': '', 'status': 'not_required'}, 'mapped_files': [], 'target_rech"
2026-09-13T14:53:13.472391+00:00,mcp__orchestra__merge_worker,"{'schema_version': 1, 'operation_id': '214b192a-9aea-4829-b3e1-6a61be7ae165', 'operation_state': 'PENDING', 'retryable': True, 'commit_point': 'NOT_REACHED', 'git': {'status': 'NOT_STARTED', 'target_branch': 'main', 'target_before': None, 'target_after': None, 'worker_branch': 'task-V-101/photobooth-astra', 'worker_head': '495c3a0d1a4d5d5a4568af8d57cce9ab975e497f', 'conflicts': []}, 'task_links': {'status': 'NOT_RUN', 'items': {}}, 'rag': {'status': 'NOT_RUN'}, 'lifecycle': {'status': 'NOT_RUN'}, 'next_task': {'status': 'NOT_REQUESTED'}, 'error': None, 'warnings': [], 'next_action': {'code': 'CHECK_SAME_OPERATION', 'message': 'Check operation 214b192a-9aea-4829-b3e1-6a61be7ae165; do not merge manually.'}, 'admission': {'target': {'branch': 'main', 'sha': '6caa7bb25271d87183da0429fbe5d3bb70693489'}, 'oracle': {'source': 'none', 'task_id': 'V-101', 'revision': 0, 'ref': '6caa7bb25271d87183da0429fbe5d3bb70693489', 'hash': '', 'status': 'not_required'}, 'mapped_files': [], 'target_recheck'"
2026-09-13T15:02:30.651026+00:00,mcp__orchestra__merge_worker,"{'schema_version': 1, 'operation_id': '04edf531-3900-487c-aaec-47416e79778f', 'operation_state': 'PENDING', 'retryable': True, 'commit_point': 'NOT_REACHED', 'git': {'status': 'NOT_STARTED', 'target_branch': 'main', 'target_before': None, 'target_after': None, 'worker_branch': 'task-V-98/globe-astra', 'worker_head': 'c57cc8cc7c4e8caa547a907f9a1a828b7ef0b7be', 'conflicts': []}, 'task_links': {'status': 'NOT_RUN', 'items': {}}, 'rag': {'status': 'NOT_RUN'}, 'lifecycle': {'status': 'NOT_RUN'}, 'next_task': {'status': 'NOT_REQUESTED'}, 'error': None, 'warnings': [], 'next_action': {'code': 'CHECK_SAME_OPERATION', 'message': 'Check operation 04edf531-3900-487c-aaec-47416e79778f; do not merge manually.'}, 'admission': {'target': {'branch': 'main', 'sha': '698503a6a4a99d0783e6dbb02f2ba9d8d23cc54c'}, 'oracle': {'source': 'none', 'task_id': 'V-98', 'revision': 0, 'ref': '698503a6a4a99d0783e6dbb02f2ba9d8d23cc54c', 'hash': '', 'status': 'not_required'}, 'mapped_files': [], 'target_recheck': {'exp"
2026-09-13T15:57:34.902186+00:00,mcp__orchestra__merge_worker,"STILL PENDING — NOT a failure. Merge operation 7db03310-bc78-4b8a-81f1-0b021a086b10 continues on the server. Background job bg-9591a4cc49 will deliver its outcome. Do not poll or call merge_worker again. Continue independent work or end the turn; Orchestra will resume you when the outcome arrives. Do not start a duplicate merge or merge manually."
2026-09-13T15:57:58.446097+00:00,mcp__orchestra__merge_worker,"STILL PENDING — NOT a failure. Merge operation 9cda064c-a3b4-4003-b76b-d38615134f18 continues on the server. Background job bg-25ca9af016 will deliver its outcome. Do not poll or call merge_worker again. Continue independent work or end the turn; Orchestra will resume you when the outcome arrives. Do not start a duplicate merge or merge manually."
2026-09-14T03:00:10.954454+00:00,mcp__orchestra__merge_worker,"{'schema_version': 1, 'operation_id': 'dc2ccc7f-fae7-4422-822b-b43de476dc65', 'operation_state': 'PENDING', 'retryable': True, 'commit_point': 'NOT_REACHED', 'git': {'status': 'NOT_STARTED', 'target_branch': 'main', 'target_before': None, 'target_after': None, 'worker_branch': 'task-V-573/prompt-engineer', 'worker_head': 'a2cf4396440a52a4ab728e176f97790c3b0463d0', 'conflicts': []}, 'task_links': {'status': 'NOT_RUN', 'items': {}}, 'rag': {'status': 'NOT_RUN'}, 'lifecycle': {'status': 'NOT_RUN'}, 'next_task': {'status': 'NOT_REQUESTED'}, 'error': None, 'warnings': [], 'next_action': {'code': 'CHECK_SAME_OPERATION', 'message': 'Check operation dc2ccc7f-fae7-4422-822b-b43de476dc65; do not merge manually.'}, 'admission': {'target': {'branch': 'main', 'sha': 'e42d95aef8d582faf384f062fb2fe4856833dae4'}, 'oracle': {'source': 'none', 'task_id': 'V-573', 'revision': 0, 'ref': 'e42d95aef8d582faf384f062fb2fe4856833dae4', 'hash': '', 'status': 'not_required'}, 'mapped_files': [], 'target_recheck':"
2026-09-14T06:23:21.855199+00:00,mcp__orchestra__task_create,"{""par"": ""V-9"", ""par_number"": 9, ""ref_prefix"": ""V"", ""id"": 2494, ""stable_id"": ""ea59acc6-7dd7-5dd1-9c3e-de90a01c7490"", ""title"": ""Balatro: оригинальные картинки джокеров и парное сравнение по 160 автопрогонов"", ""project"": ""dnd-game-master"", ""price_rub"": 0, ""status"": ""new"", ""request_key"": ""e8922adeb4e145c7941faecbdaabebd5"", ""description"": ""Владелец14.09 13:20 запросил наглядный визуальный выбор с оригинальными изображениями джокеров из своей игры, описания под картами, парное сравнение влияния стартового одного joker против другого или none по160полныхпрогонов наусловие. Нужны одинаковые160seed/колоды/стратегия, изменения winrate/closedblinds/score/categories/actions, парныепереходы better/worse/tie и примерыоднихраздач; результат «как влияет», не двараздельныхотчёта. Preserve V8 multijoker autoresearch и ручнуюигру. Источниккартинок — установленнаякопия владельца, read-only ноутбукчерезreverseSSH; не перерисовывать вместооригинала. Реализация+staticpublish разрешены. V8кодготов/live/accept"
2026-09-14T15:57:23.644326+00:00,mcp__orchestra__merge_worker,"STILL PENDING — NOT a failure. Merge operation 5bcf45c6-a491-4ec4-bac2-4264d3804b29 continues on the server. Background job bg-cedf559f7c will deliver its outcome. Do not poll or call merge_worker again. Continue independent work or end the turn; Orchestra will resume you when the outcome arrives. Do not start a duplicate merge or merge manually."
2026-09-15T08:22:24.537360+00:00,mcp__orchestra__task_get,"{""id"": 2494, ""stable_id"": ""ea59acc6-7dd7-5dd1-9c3e-de90a01c7490"", ""ref_prefix"": ""V"", ""task_revision"": ""5e708135814a1a15ec24b5aa5e580535b9412fecc628ec9adbf3ff145b5d3c40"", ""task_snapshot_ref"": ""git-task:ea59acc6-7dd7-5dd1-9c3e-de90a01c7490@53db1341a11db1eac047cff72344dab610aedfb6"", ""acceptance_command"": """", ""acceptance"": {}, ""par"": ""V-9"", ""title"": ""Balatro: оригинальные картинки джокеров и парное сравнение по 160 автопрогонов"", ""description"": ""Владелец14.09 13:20 запросил наглядный визуальный выбор с оригинальными изображениями джокеров из своей игры, описания под картами, парное сравнение влияния стартового одного joker против другого или none по160полныхпрогонов наусловие. Нужны одинаковые160seed/колоды/стратегия, изменения winrate/closedblinds/score/categories/actions, парныепереходы better/worse/tie и примерыоднихраздач; результат «как влияет», не двараздельныхотчёта. Preserve V8 multijoker autoresearch и ручнуюигру. Источниккартинок — установленнаякопия владельца, read-only ноутбукч"
2026-09-15T08:38:19.336129+00:00,mcp__orchestra__merge_worker,"{'schema_version': 1, 'operation_id': 'b85acac8-9dbd-4789-a05f-9a4258aff30d', 'operation_state': 'PENDING', 'retryable': True, 'commit_point': 'NOT_REACHED', 'git': {'status': 'NOT_STARTED', 'target_branch': 'main', 'target_before': None, 'target_after': None, 'worker_branch': 'task-V-9/balatro-assets', 'worker_head': 'a30706a597f87ad01eae61627193b018b9915e32', 'conflicts': []}, 'task_links': {'status': 'NOT_RUN', 'items': {}}, 'rag': {'status': 'NOT_RUN'}, 'lifecycle': {'status': 'NOT_RUN'}, 'next_task': {'status': 'NOT_REQUESTED'}, 'error': None, 'warnings': [], 'next_action': {'code': 'CHECK_SAME_OPERATION', 'message': 'Check operation b85acac8-9dbd-4789-a05f-9a4258aff30d; do not merge manually.'}, 'admission': {'target': {'branch': 'main', 'sha': '707bbcc9d19d3f12f3b343c63ecdbc364098e283'}, 'oracle': {'source': 'none', 'task_id': 'V-9', 'revision': 0, 'ref': '707bbcc9d19d3f12f3b343c63ecdbc364098e283', 'hash': '', 'status': 'not_required'}, 'mapped_files': [], 'target_recheck': {'ex"
2026-09-15T08:49:41.906950+00:00,mcp__orchestra__merge_worker,"{'schema_version': 1, 'operation_id': '389de34e-60ad-4595-a521-4db05e71a254', 'operation_state': 'PENDING', 'retryable': True, 'commit_point': 'NOT_REACHED', 'git': {'status': 'NOT_STARTED', 'target_branch': 'main', 'target_before': None, 'target_after': None, 'worker_branch': 'task-V-10/balatro-vps', 'worker_head': 'a4637a1cf556d5b0a407e89071cfaa2666567e74', 'conflicts': []}, 'task_links': {'status': 'NOT_RUN', 'items': {}}, 'rag': {'status': 'NOT_RUN'}, 'lifecycle': {'status': 'NOT_RUN'}, 'next_task': {'status': 'NOT_REQUESTED'}, 'error': None, 'warnings': [], 'next_action': {'code': 'CHECK_SAME_OPERATION', 'message': 'Check operation 389de34e-60ad-4595-a521-4db05e71a254; do not merge manually.'}, 'admission': {'target': {'branch': 'main', 'sha': '0e7c988a6d4f3c74a08ef55cb2e5fe67c1a5e284'}, 'oracle': {'source': 'none', 'task_id': 'V-10', 'revision': 0, 'ref': '0e7c988a6d4f3c74a08ef55cb2e5fe67c1a5e284', 'hash': '', 'status': 'not_required'}, 'mapped_files': [], 'target_recheck': {'exp"
2026-09-15T09:04:19.608697+00:00,mcp__orchestra__merge_worker,"{'schema_version': 1, 'operation_id': '48b0c6e1-8761-4c2a-87d6-0f0f7f7ecc19', 'operation_state': 'PENDING', 'retryable': True, 'commit_point': 'NOT_REACHED', 'git': {'status': 'NOT_STARTED', 'target_branch': 'main', 'target_before': None, 'target_after': None, 'worker_branch': 'task-V-11/balatro-vps', 'worker_head': 'ff6556880ec64fc98d53728ca83e3bafef8caa0c', 'conflicts': []}, 'task_links': {'status': 'NOT_RUN', 'items': {}}, 'rag': {'status': 'NOT_RUN'}, 'lifecycle': {'status': 'NOT_RUN'}, 'next_task': {'status': 'NOT_REQUESTED'}, 'error': None, 'warnings': [], 'next_action': {'code': 'CHECK_SAME_OPERATION', 'message': 'Check operation 48b0c6e1-8761-4c2a-87d6-0f0f7f7ecc19; do not merge manually.'}, 'admission': {'target': {'branch': 'main', 'sha': '25c6f0b750576730677350b2ec55cbc97178e972'}, 'oracle': {'source': 'none', 'task_id': 'V-11', 'revision': 0, 'ref': '25c6f0b750576730677350b2ec55cbc97178e972', 'hash': '', 'status': 'not_required'}, 'mapped_files': [], 'target_recheck': {'exp"
2026-09-15T09:36:37.557804+00:00,mcp__orchestra__merge_worker,"{'schema_version': 1, 'operation_id': '2438c41f-c979-4b82-b930-4814b31f94a2', 'operation_state': 'PENDING', 'retryable': True, 'commit_point': 'NOT_REACHED', 'git': {'status': 'NOT_STARTED', 'target_branch': 'main', 'target_before': None, 'target_after': None, 'worker_branch': 'task-V-12/balatro-vps', 'worker_head': '8543875debfa61fc291c20ad698afb44fdebc9cc', 'conflicts': []}, 'task_links': {'status': 'NOT_RUN', 'items': {}}, 'rag': {'status': 'NOT_RUN'}, 'lifecycle': {'status': 'NOT_RUN'}, 'next_task': {'status': 'NOT_REQUESTED'}, 'error': None, 'warnings': [], 'next_action': {'code': 'CHECK_SAME_OPERATION', 'message': 'Check operation 2438c41f-c979-4b82-b930-4814b31f94a2; do not merge manually.'}, 'admission': {'target': {'branch': 'main', 'sha': 'f4ac311a85864f6f2498fafb031c370a18809a29'}, 'oracle': {'source': 'none', 'task_id': 'V-12', 'revision': 0, 'ref': 'f4ac311a85864f6f2498fafb031c370a18809a29', 'hash': '', 'status': 'not_required'}, 'mapped_files': [], 'target_recheck': {'exp"
2026-09-15T09:42:58.294060+00:00,mcp__orchestra__merge_worker,"{'schema_version': 1, 'operation_id': 'ac0dc40a-cdc6-4147-80d8-19344ce3b90d', 'operation_state': 'PENDING', 'retryable': True, 'commit_point': 'NOT_REACHED', 'git': {'status': 'NOT_STARTED', 'target_branch': 'main', 'target_before': None, 'target_after': None, 'worker_branch': 'task-V-12/balatro-vps', 'worker_head': '8c2c6dc59b4fbd717688b5e5b82b032517dbe06f', 'conflicts': []}, 'task_links': {'status': 'NOT_RUN', 'items': {}}, 'rag': {'status': 'NOT_RUN'}, 'lifecycle': {'status': 'NOT_RUN'}, 'next_task': {'status': 'NOT_REQUESTED'}, 'error': None, 'warnings': [], 'next_action': {'code': 'CHECK_SAME_OPERATION', 'message': 'Check operation ac0dc40a-cdc6-4147-80d8-19344ce3b90d; do not merge manually.'}, 'admission': {'target': {'branch': 'main', 'sha': 'f4ac311a85864f6f2498fafb031c370a18809a29'}, 'oracle': {'source': 'none', 'task_id': 'V-12', 'revision': 0, 'ref': 'f4ac311a85864f6f2498fafb031c370a18809a29', 'hash': '', 'status': 'not_required'}, 'mapped_files': [], 'target_recheck': {'exp"
2026-09-15T10:09:37.799726+00:00,mcp__orchestra__merge_worker,"{'schema_version': 1, 'operation_id': '215e83f3-baf2-4467-a832-1834f684106a', 'operation_state': 'PENDING', 'retryable': True, 'commit_point': 'NOT_REACHED', 'git': {'status': 'NOT_STARTED', 'target_branch': 'main', 'target_before': None, 'target_after': None, 'worker_branch': 'task-V-111/feat-canvases-25', 'worker_head': 'e52c98398f9281e5eb7b74fb7088b59175058280', 'conflicts': []}, 'task_links': {'status': 'NOT_RUN', 'items': {}}, 'rag': {'status': 'NOT_RUN'}, 'lifecycle': {'status': 'NOT_RUN'}, 'next_task': {'status': 'NOT_REQUESTED'}, 'error': None, 'warnings': [], 'next_action': {'code': 'CHECK_SAME_OPERATION', 'message': 'Check operation 215e83f3-baf2-4467-a832-1834f684106a; do not merge manually.'}, 'admission': {'target': {'branch': 'main', 'sha': '49d437dcc46af0010a3e821af33a7ccc7aec808a'}, 'oracle': {'source': 'none', 'task_id': 'V-111', 'revision': 0, 'ref': '49d437dcc46af0010a3e821af33a7ccc7aec808a', 'hash': '', 'status': 'not_required'}, 'mapped_files': [], 'target_recheck'"
2026-09-15T10:10:20.534999+00:00,mcp__orchestra__merge_worker,"{'schema_version': 1, 'operation_id': '808a256f-b92a-4ed2-ad7e-bc38607a1af9', 'operation_state': 'PENDING', 'retryable': True, 'commit_point': 'NOT_REACHED', 'git': {'status': 'NOT_STARTED', 'target_branch': 'main', 'target_before': None, 'target_after': None, 'worker_branch': 'task-V-111/feat-canvases-25', 'worker_head': 'e52c98398f9281e5eb7b74fb7088b59175058280', 'conflicts': []}, 'task_links': {'status': 'NOT_RUN', 'items': {}}, 'rag': {'status': 'NOT_RUN'}, 'lifecycle': {'status': 'NOT_RUN'}, 'next_task': {'status': 'NOT_REQUESTED'}, 'error': None, 'warnings': [], 'next_action': {'code': 'CHECK_SAME_OPERATION', 'message': 'Check operation 808a256f-b92a-4ed2-ad7e-bc38607a1af9; do not merge manually.'}, 'admission': {'target': {'branch': 'main', 'sha': '49d437dcc46af0010a3e821af33a7ccc7aec808a'}, 'oracle': {'source': 'none', 'task_id': 'V-111', 'revision': 0, 'ref': '49d437dcc46af0010a3e821af33a7ccc7aec808a', 'hash': '', 'status': 'not_required'}, 'mapped_files': [], 'target_recheck'"
2026-09-15T10:12:59.718034+00:00,mcp__orchestra__merge_worker,"{'schema_version': 1, 'operation_id': '5fef5891-e94a-4d2a-b528-ca1092f7d685', 'operation_state': 'PENDING', 'retryable': True, 'commit_point': 'NOT_REACHED', 'git': {'status': 'NOT_STARTED', 'target_branch': 'main', 'target_before': None, 'target_after': None, 'worker_branch': 'adhoc-1787122924-16/direct-research', 'worker_head': 'e7996c241128535cd98a4ce55e4c1cfa9ae4e1a7', 'conflicts': []}, 'task_links': {'status': 'NOT_RUN', 'items': {}}, 'rag': {'status': 'NOT_RUN'}, 'lifecycle': {'status': 'NOT_RUN'}, 'next_task': {'status': 'NOT_REQUESTED'}, 'error': None, 'warnings': [], 'next_action': {'code': 'CHECK_SAME_OPERATION', 'message': 'Check operation 5fef5891-e94a-4d2a-b528-ca1092f7d685; do not merge manually.'}, 'admission': {'target': {'branch': 'main', 'sha': '98b00712dc2d0be99ec885f832be64f5a14a95a0'}, 'oracle': {'source': 'none', 'task_id': '', 'revision': 0, 'ref': '98b00712dc2d0be99ec885f832be64f5a14a95a0', 'hash': '', 'status': 'not_required'}, 'mapped_files': [], 'target_reche"
2026-09-15T10:13:55.264364+00:00,mcp__orchestra__merge_worker,"{'schema_version': 1, 'operation_id': '8e06f907-97ce-49bd-ab93-1d7bbcb578a3', 'operation_state': 'PENDING', 'retryable': True, 'commit_point': 'NOT_REACHED', 'git': {'status': 'NOT_STARTED', 'target_branch': 'main', 'target_before': None, 'target_after': None, 'worker_branch': 'adhoc-1787122924-16/direct-research', 'worker_head': 'e7996c241128535cd98a4ce55e4c1cfa9ae4e1a7', 'conflicts': []}, 'task_links': {'status': 'NOT_RUN', 'items': {}}, 'rag': {'status': 'NOT_RUN'}, 'lifecycle': {'status': 'NOT_RUN'}, 'next_task': {'status': 'NOT_REQUESTED'}, 'error': None, 'warnings': [], 'next_action': {'code': 'CHECK_SAME_OPERATION', 'message': 'Check operation 8e06f907-97ce-49bd-ab93-1d7bbcb578a3; do not merge manually.'}, 'admission': {'target': {'branch': 'main', 'sha': '98b00712dc2d0be99ec885f832be64f5a14a95a0'}, 'oracle': {'source': 'none', 'task_id': '', 'revision': 0, 'ref': '98b00712dc2d0be99ec885f832be64f5a14a95a0', 'hash': '', 'status': 'not_required'}, 'mapped_files': [], 'target_reche"
2026-09-15T10:15:12.831286+00:00,mcp__orchestra__merge_worker,"{'schema_version': 1, 'operation_id': '7e4b8dda-01b5-4f59-9b8f-4b8a18a9e71b', 'operation_state': 'PENDING', 'retryable': True, 'commit_point': 'NOT_REACHED', 'git': {'status': 'NOT_STARTED', 'target_branch': 'main', 'target_before': None, 'target_after': None, 'worker_branch': 'task-273/bizdev', 'worker_head': '824f9622eaf05eb1af584f6088c33e01f7723f55', 'conflicts': []}, 'task_links': {'status': 'NOT_RUN', 'items': {}}, 'rag': {'status': 'NOT_RUN'}, 'lifecycle': {'status': 'NOT_RUN'}, 'next_task': {'status': 'NOT_REQUESTED'}, 'error': None, 'warnings': [], 'next_action': {'code': 'CHECK_SAME_OPERATION', 'message': 'Check operation 7e4b8dda-01b5-4f59-9b8f-4b8a18a9e71b; do not merge manually.'}, 'admission': {'target': {'branch': 'main', 'sha': '98b00712dc2d0be99ec885f832be64f5a14a95a0'}, 'oracle': {'source': 'none', 'task_id': '273', 'revision': 0, 'ref': '98b00712dc2d0be99ec885f832be64f5a14a95a0', 'hash': '', 'status': 'not_required'}, 'mapped_files': [], 'target_recheck': {'expected':"
2026-09-15T10:17:41.660301+00:00,mcp__orchestra__merge_worker,"{'schema_version': 1, 'operation_id': 'f9731106-c585-4a28-80e8-f2e61e7a98ef', 'operation_state': 'PENDING', 'retryable': True, 'commit_point': 'NOT_REACHED', 'git': {'status': 'NOT_STARTED', 'target_branch': 'main', 'target_before': None, 'target_after': None, 'worker_branch': 'task-256/direct-research', 'worker_head': '5ddd61c61fa4192b1e298dce3ac12890da5c918c', 'conflicts': []}, 'task_links': {'status': 'NOT_RUN', 'items': {}}, 'rag': {'status': 'NOT_RUN'}, 'lifecycle': {'status': 'NOT_RUN'}, 'next_task': {'status': 'NOT_REQUESTED'}, 'error': None, 'warnings': [], 'next_action': {'code': 'CHECK_SAME_OPERATION', 'message': 'Check operation f9731106-c585-4a28-80e8-f2e61e7a98ef; do not merge manually.'}, 'admission': {'target': {'branch': 'main', 'sha': 'ad44a96215879aab2fc743fc5488d13c488df2f1'}, 'oracle': {'source': 'none', 'task_id': '', 'revision': 0, 'ref': 'ad44a96215879aab2fc743fc5488d13c488df2f1', 'hash': '', 'status': 'not_required'}, 'mapped_files': [], 'target_recheck': {'expe"
2026-09-15T10:18:07.170151+00:00,mcp__orchestra__merge_worker,"{'schema_version': 1, 'operation_id': 'd68cd973-0673-4b29-a59a-bb6de26926bc', 'operation_state': 'PENDING', 'retryable': True, 'commit_point': 'NOT_REACHED', 'git': {'status': 'NOT_STARTED', 'target_branch': 'main', 'target_before': None, 'target_after': None, 'worker_branch': 'task-256/direct-research', 'worker_head': '5ddd61c61fa4192b1e298dce3ac12890da5c918c', 'conflicts': []}, 'task_links': {'status': 'NOT_RUN', 'items': {}}, 'rag': {'status': 'NOT_RUN'}, 'lifecycle': {'status': 'NOT_RUN'}, 'next_task': {'status': 'NOT_REQUESTED'}, 'error': None, 'warnings': [], 'next_action': {'code': 'CHECK_SAME_OPERATION', 'message': 'Check operation d68cd973-0673-4b29-a59a-bb6de26926bc; do not merge manually.'}, 'admission': {'target': {'branch': 'main', 'sha': 'ad44a96215879aab2fc743fc5488d13c488df2f1'}, 'oracle': {'source': 'none', 'task_id': '', 'revision': 0, 'ref': 'ad44a96215879aab2fc743fc5488d13c488df2f1', 'hash': '', 'status': 'not_required'}, 'mapped_files': [], 'target_recheck': {'expe"
2026-09-15T10:19:12.297994+00:00,mcp__orchestra__merge_worker,"{'schema_version': 1, 'operation_id': 'a957aead-6776-45d5-8551-f1d48b7626ad', 'operation_state': 'PENDING', 'retryable': True, 'commit_point': 'NOT_REACHED', 'git': {'status': 'NOT_STARTED', 'target_branch': 'main', 'target_before': None, 'target_after': None, 'worker_branch': 'adhoc-1787122924-16/direct-research', 'worker_head': '5ddd61c61fa4192b1e298dce3ac12890da5c918c', 'conflicts': []}, 'task_links': {'status': 'NOT_RUN', 'items': {}}, 'rag': {'status': 'NOT_RUN'}, 'lifecycle': {'status': 'NOT_RUN'}, 'next_task': {'status': 'NOT_REQUESTED'}, 'error': None, 'warnings': [], 'next_action': {'code': 'CHECK_SAME_OPERATION', 'message': 'Check operation a957aead-6776-45d5-8551-f1d48b7626ad; do not merge manually.'}, 'admission': {'target': {'branch': 'main', 'sha': 'ad44a96215879aab2fc743fc5488d13c488df2f1'}, 'oracle': {'source': 'none', 'task_id': '', 'revision': 0, 'ref': 'ad44a96215879aab2fc743fc5488d13c488df2f1', 'hash': '', 'status': 'not_required'}, 'mapped_files': [], 'target_reche"
2026-09-15T11:01:58.138844+00:00,mcp__orchestra__merge_worker,"{'schema_version': 1, 'operation_id': '806519aa-85c6-49ab-a494-a840ec8af9c8', 'operation_state': 'PENDING', 'retryable': True, 'commit_point': 'NOT_REACHED', 'git': {'status': 'NOT_STARTED', 'target_branch': 'main', 'target_before': None, 'target_after': None, 'worker_branch': 'task-V-5/marketer', 'worker_head': 'c890c1ff95e6cb314422197191d57b6b9afc8259', 'conflicts': []}, 'task_links': {'status': 'NOT_RUN', 'items': {}}, 'rag': {'status': 'NOT_RUN'}, 'lifecycle': {'status': 'NOT_RUN'}, 'next_task': {'status': 'NOT_REQUESTED'}, 'error': None, 'warnings': [], 'next_action': {'code': 'CHECK_SAME_OPERATION', 'message': 'Check operation 806519aa-85c6-49ab-a494-a840ec8af9c8; do not merge manually.'}, 'admission': {'target': {'branch': 'main', 'sha': '090d1cdfabaa2299a87bfc4f939b0cf6d136ac0e'}, 'oracle': {'source': 'none', 'task_id': '241', 'revision': 0, 'ref': '090d1cdfabaa2299a87bfc4f939b0cf6d136ac0e', 'hash': '', 'status': 'not_required'}, 'mapped_files': [], 'target_recheck': {'expected"
2026-09-15T11:03:18.407767+00:00,mcp__orchestra__merge_worker,"{'schema_version': 1, 'operation_id': 'e0c7d74e-08b9-430c-8b3e-9579d01be388', 'operation_state': 'PENDING', 'retryable': True, 'commit_point': 'NOT_REACHED', 'git': {'status': 'NOT_STARTED', 'target_branch': 'main', 'target_before': None, 'target_after': None, 'worker_branch': 'adhoc-1787114667-9/marketer', 'worker_head': 'c890c1ff95e6cb314422197191d57b6b9afc8259', 'conflicts': []}, 'task_links': {'status': 'NOT_RUN', 'items': {}}, 'rag': {'status': 'NOT_RUN'}, 'lifecycle': {'status': 'NOT_RUN'}, 'next_task': {'status': 'NOT_REQUESTED'}, 'error': None, 'warnings': [], 'next_action': {'code': 'CHECK_SAME_OPERATION', 'message': 'Check operation e0c7d74e-08b9-430c-8b3e-9579d01be388; do not merge manually.'}, 'admission': {'target': {'branch': 'main', 'sha': '090d1cdfabaa2299a87bfc4f939b0cf6d136ac0e'}, 'oracle': {'source': 'none', 'task_id': '241', 'revision': 0, 'ref': '090d1cdfabaa2299a87bfc4f939b0cf6d136ac0e', 'hash': '', 'status': 'not_required'}, 'mapped_files': [], 'target_recheck': "
2026-09-15T11:29:07.579519+00:00,mcp__orchestra__merge_worker,"{'schema_version': 1, 'operation_id': '4b18bc1e-d340-4146-a348-4b0a7ccb2c64', 'operation_state': 'PENDING', 'retryable': True, 'commit_point': 'NOT_REACHED', 'git': {'status': 'NOT_STARTED', 'target_branch': 'main', 'target_before': None, 'target_after': None, 'worker_branch': 'adhoc-1788529808-1/accountant', 'worker_head': '2d268620cbcb58f29e7647139e99a08407269fd8', 'conflicts': []}, 'task_links': {'status': 'NOT_RUN', 'items': {}}, 'rag': {'status': 'NOT_RUN'}, 'lifecycle': {'status': 'NOT_RUN'}, 'next_task': {'status': 'NOT_REQUESTED'}, 'error': None, 'warnings': [], 'next_action': {'code': 'CHECK_SAME_OPERATION', 'message': 'Check operation 4b18bc1e-d340-4146-a348-4b0a7ccb2c64; do not merge manually.'}, 'admission': {'target': {'branch': 'main', 'sha': 'c87be64919217f076b4252626778e86632bda1f2'}, 'oracle': {'source': 'none', 'task_id': '', 'revision': 0, 'ref': 'c87be64919217f076b4252626778e86632bda1f2', 'hash': '', 'status': 'not_required'}, 'mapped_files': [], 'target_recheck': {"
2026-09-15T11:29:52.941704+00:00,mcp__orchestra__merge_worker,"{'schema_version': 1, 'operation_id': 'b9039c96-be2d-4d99-894a-14fe58576a95', 'operation_state': 'PENDING', 'retryable': True, 'commit_point': 'NOT_REACHED', 'git': {'status': 'NOT_STARTED', 'target_branch': 'main', 'target_before': None, 'target_after': None, 'worker_branch': 'adhoc-1788529808-1/accountant', 'worker_head': '2d268620cbcb58f29e7647139e99a08407269fd8', 'conflicts': []}, 'task_links': {'status': 'NOT_RUN', 'items': {}}, 'rag': {'status': 'NOT_RUN'}, 'lifecycle': {'status': 'NOT_RUN'}, 'next_task': {'status': 'NOT_REQUESTED'}, 'error': None, 'warnings': [], 'next_action': {'code': 'CHECK_SAME_OPERATION', 'message': 'Check operation b9039c96-be2d-4d99-894a-14fe58576a95; do not merge manually.'}, 'admission': {'target': {'branch': 'main', 'sha': 'c87be64919217f076b4252626778e86632bda1f2'}, 'oracle': {'source': 'none', 'task_id': '', 'revision': 0, 'ref': 'c87be64919217f076b4252626778e86632bda1f2', 'hash': '', 'status': 'not_required'}, 'mapped_files': [], 'target_recheck': {"
2026-09-15T11:32:58.729131+00:00,mcp__orchestra__merge_worker,"{'schema_version': 1, 'operation_id': 'a7eef751-6056-426e-b5d4-57f98d3b060d', 'operation_state': 'PENDING', 'retryable': True, 'commit_point': 'NOT_REACHED', 'git': {'status': 'NOT_STARTED', 'target_branch': 'main', 'target_before': None, 'target_after': None, 'worker_branch': 'adhoc-1789471095-3/sales', 'worker_head': '98f60ee09bf2cdda951920853f605459dbc82252', 'conflicts': []}, 'task_links': {'status': 'NOT_RUN', 'items': {}}, 'rag': {'status': 'NOT_RUN'}, 'lifecycle': {'status': 'NOT_RUN'}, 'next_task': {'status': 'NOT_REQUESTED'}, 'error': None, 'warnings': [], 'next_action': {'code': 'CHECK_SAME_OPERATION', 'message': 'Check operation a7eef751-6056-426e-b5d4-57f98d3b060d; do not merge manually.'}, 'admission': {'target': {'branch': 'main', 'sha': 'c87be64919217f076b4252626778e86632bda1f2'}, 'oracle': {'source': 'none', 'task_id': '', 'revision': 0, 'ref': 'c87be64919217f076b4252626778e86632bda1f2', 'hash': '', 'status': 'not_required'}, 'mapped_files': [], 'target_recheck': {'expe"
2026-09-15T11:33:37.589785+00:00,mcp__orchestra__merge_worker,"{'schema_version': 1, 'operation_id': '3f9104cb-8457-405a-b1f8-c7c904257477', 'operation_state': 'PENDING', 'retryable': True, 'commit_point': 'NOT_REACHED', 'git': {'status': 'NOT_STARTED', 'target_branch': 'main', 'target_before': None, 'target_after': None, 'worker_branch': 'adhoc-1789471095-3/sales', 'worker_head': '98f60ee09bf2cdda951920853f605459dbc82252', 'conflicts': []}, 'task_links': {'status': 'NOT_RUN', 'items': {}}, 'rag': {'status': 'NOT_RUN'}, 'lifecycle': {'status': 'NOT_RUN'}, 'next_task': {'status': 'NOT_REQUESTED'}, 'error': None, 'warnings': [], 'next_action': {'code': 'CHECK_SAME_OPERATION', 'message': 'Check operation 3f9104cb-8457-405a-b1f8-c7c904257477; do not merge manually.'}, 'admission': {'target': {'branch': 'main', 'sha': 'c87be64919217f076b4252626778e86632bda1f2'}, 'oracle': {'source': 'none', 'task_id': '', 'revision': 0, 'ref': 'c87be64919217f076b4252626778e86632bda1f2', 'hash': '', 'status': 'not_required'}, 'mapped_files': [], 'target_recheck': {'expe"
2026-09-15T11:35:13.701039+00:00,mcp__orchestra__merge_worker,"{'schema_version': 1, 'operation_id': '7147646c-1cfb-48d9-8fab-ef823400b61c', 'operation_state': 'PENDING', 'retryable': True, 'commit_point': 'NOT_REACHED', 'git': {'status': 'NOT_STARTED', 'target_branch': 'main', 'target_before': None, 'target_after': None, 'worker_branch': 'task-V-575/fix-merge-identity', 'worker_head': 'ef2fb3e9200f77461951ebfd9b4ca08c0df889ab', 'conflicts': []}, 'task_links': {'status': 'NOT_RUN', 'items': {}}, 'rag': {'status': 'NOT_RUN'}, 'lifecycle': {'status': 'NOT_RUN'}, 'next_task': {'status': 'NOT_REQUESTED'}, 'error': None, 'warnings': [], 'next_action': {'code': 'CHECK_SAME_OPERATION', 'message': 'Check operation 7147646c-1cfb-48d9-8fab-ef823400b61c; do not merge manually.'}, 'admission': {'target': {'branch': 'main', 'sha': 'ce49eebaf2e1003d2f4f41fa3f1d28b24d8e89f7'}, 'oracle': {'source': 'none', 'task_id': 'V-575', 'revision': 0, 'ref': 'ce49eebaf2e1003d2f4f41fa3f1d28b24d8e89f7', 'hash': '', 'status': 'not_required'}, 'mapped_files': [], 'target_rechec"
2026-09-15T11:36:32.114019+00:00,mcp__orchestra__merge_worker,"{'schema_version': 1, 'operation_id': '08bdbd3e-861a-4ad7-9289-6f51ad9f1bce', 'operation_state': 'PENDING', 'retryable': True, 'commit_point': 'NOT_REACHED', 'git': {'status': 'NOT_STARTED', 'target_branch': 'main', 'target_before': None, 'target_after': None, 'worker_branch': 'task-V-575/fix-merge-identity', 'worker_head': 'ef2fb3e9200f77461951ebfd9b4ca08c0df889ab', 'conflicts': []}, 'task_links': {'status': 'NOT_RUN', 'items': {}}, 'rag': {'status': 'NOT_RUN'}, 'lifecycle': {'status': 'NOT_RUN'}, 'next_task': {'status': 'NOT_REQUESTED'}, 'error': None, 'warnings': [], 'next_action': {'code': 'CHECK_SAME_OPERATION', 'message': 'Check operation 08bdbd3e-861a-4ad7-9289-6f51ad9f1bce; do not merge manually.'}, 'admission': {'target': {'branch': 'main', 'sha': '13648c8fa3924c489c8729780527b63564e62229'}, 'oracle': {'source': 'none', 'task_id': 'V-575', 'revision': 0, 'ref': '13648c8fa3924c489c8729780527b63564e62229', 'hash': '', 'status': 'not_required'}, 'mapped_files': [], 'target_rechec"
2026-09-15T11:38:01.674537+00:00,mcp__orchestra__merge_worker,"{'schema_version': 1, 'operation_id': '68fab595-f33e-46c2-8a1c-91ca8df0cf30', 'operation_state': 'PENDING', 'retryable': True, 'commit_point': 'NOT_REACHED', 'git': {'status': 'NOT_STARTED', 'target_branch': 'main', 'target_before': None, 'target_after': None, 'worker_branch': 'adhoc-1788529808-1/accountant', 'worker_head': '6388bf216b1954090125a009738a0ac40835a850', 'conflicts': []}, 'task_links': {'status': 'NOT_RUN', 'items': {}}, 'rag': {'status': 'NOT_RUN'}, 'lifecycle': {'status': 'NOT_RUN'}, 'next_task': {'status': 'NOT_REQUESTED'}, 'error': None, 'warnings': [], 'next_action': {'code': 'CHECK_SAME_OPERATION', 'message': 'Check operation 68fab595-f33e-46c2-8a1c-91ca8df0cf30; do not merge manually.'}, 'admission': {'target': {'branch': 'main', 'sha': '6d882a27666c392e831877820d5220e0d87f60cc'}, 'oracle': {'source': 'none', 'task_id': '', 'revision': 0, 'ref': '6d882a27666c392e831877820d5220e0d87f60cc', 'hash': '', 'status': 'not_required'}, 'mapped_files': [], 'target_recheck': {"
2026-09-15T11:46:54.840606+00:00,mcp__orchestra__merge_worker,"{'schema_version': 1, 'operation_id': '4f83bc8d-3115-4590-b2f8-580ad9eda251', 'operation_state': 'PENDING', 'retryable': True, 'commit_point': 'NOT_REACHED', 'git': {'status': 'NOT_STARTED', 'target_branch': 'main', 'target_before': None, 'target_after': None, 'worker_branch': 'task-V-13/balatro-vps', 'worker_head': '6191aebfbb84a55342de9e1cd3343d1ddb1fab63', 'conflicts': []}, 'task_links': {'status': 'NOT_RUN', 'items': {}}, 'rag': {'status': 'NOT_RUN'}, 'lifecycle': {'status': 'NOT_RUN'}, 'next_task': {'status': 'NOT_REQUESTED'}, 'error': None, 'warnings': [], 'next_action': {'code': 'CHECK_SAME_OPERATION', 'message': 'Check operation 4f83bc8d-3115-4590-b2f8-580ad9eda251; do not merge manually.'}, 'admission': {'target': {'branch': 'main', 'sha': '6fd797c3f968b3426783d2b2bafb48464547a5cd'}, 'oracle': {'source': 'none', 'task_id': 'V-13', 'revision': 0, 'ref': '6fd797c3f968b3426783d2b2bafb48464547a5cd', 'hash': '', 'status': 'not_required'}, 'mapped_files': [], 'target_recheck': {'exp"
2026-09-15T11:50:04.909695+00:00,mcp__orchestra__merge_worker,"{'schema_version': 1, 'operation_id': 'e2a06539-5899-476a-be9a-144419ba9097', 'operation_state': 'PENDING', 'retryable': True, 'commit_point': 'NOT_REACHED', 'git': {'status': 'NOT_STARTED', 'target_branch': 'main', 'target_before': None, 'target_after': None, 'worker_branch': 'task-V-576/research-projects-model', 'worker_head': '2efabcd1af43b623367635cdc6dbd340c02fe86a', 'conflicts': []}, 'task_links': {'status': 'NOT_RUN', 'items': {}}, 'rag': {'status': 'NOT_RUN'}, 'lifecycle': {'status': 'NOT_RUN'}, 'next_task': {'status': 'NOT_REQUESTED'}, 'error': None, 'warnings': [], 'next_action': {'code': 'CHECK_SAME_OPERATION', 'message': 'Check operation e2a06539-5899-476a-be9a-144419ba9097; do not merge manually.'}, 'admission': {'target': {'branch': 'main', 'sha': '0c3c0fcb0c2824b59e540afd98c725a6910c80e6'}, 'oracle': {'source': 'none', 'task_id': 'V-576', 'revision': 0, 'ref': '0c3c0fcb0c2824b59e540afd98c725a6910c80e6', 'hash': '', 'status': 'not_required'}, 'mapped_files': [], 'target_r"
2026-09-15T11:53:30.570123+00:00,mcp__orchestra__merge_worker,"{'schema_version': 1, 'operation_id': '5b85a8d9-4dbd-4f22-9761-4f0d6844933e', 'operation_state': 'PENDING', 'retryable': True, 'commit_point': 'NOT_REACHED', 'git': {'status': 'NOT_STARTED', 'target_branch': 'main', 'target_before': None, 'target_after': None, 'worker_branch': 'adhoc-1789471098-4/feat-canvases-25', 'worker_head': '2b945dc9238ff232880884e154fd7e15284f51fb', 'conflicts': []}, 'task_links': {'status': 'NOT_RUN', 'items': {}}, 'rag': {'status': 'NOT_RUN'}, 'lifecycle': {'status': 'NOT_RUN'}, 'next_task': {'status': 'NOT_REQUESTED'}, 'error': None, 'warnings': [], 'next_action': {'code': 'CHECK_SAME_OPERATION', 'message': 'Check operation 5b85a8d9-4dbd-4f22-9761-4f0d6844933e; do not merge manually.'}, 'admission': {'target': {'branch': 'main', 'sha': '1ceb61081f229f69aca0feea55f0e2fc120e87bf'}, 'oracle': {'source': 'none', 'task_id': '', 'revision': 0, 'ref': '1ceb61081f229f69aca0feea55f0e2fc120e87bf', 'hash': '', 'status': 'not_required'}, 'mapped_files': [], 'target_reche"
2026-09-15T11:54:04.725545+00:00,mcp__orchestra__merge_worker,"{'schema_version': 1, 'operation_id': 'a8e8e87f-57ff-4108-8d88-b5ce481d8a21', 'operation_state': 'PENDING', 'retryable': True, 'commit_point': 'NOT_REACHED', 'git': {'status': 'NOT_STARTED', 'target_branch': 'main', 'target_before': None, 'target_after': None, 'worker_branch': 'task-V-112/feat-canvases-25', 'worker_head': '2b945dc9238ff232880884e154fd7e15284f51fb', 'conflicts': []}, 'task_links': {'status': 'NOT_RUN', 'items': {}}, 'rag': {'status': 'NOT_RUN'}, 'lifecycle': {'status': 'NOT_RUN'}, 'next_task': {'status': 'NOT_REQUESTED'}, 'error': None, 'warnings': [], 'next_action': {'code': 'CHECK_SAME_OPERATION', 'message': 'Check operation a8e8e87f-57ff-4108-8d88-b5ce481d8a21; do not merge manually.'}, 'admission': {'target': {'branch': 'main', 'sha': '1ceb61081f229f69aca0feea55f0e2fc120e87bf'}, 'oracle': {'source': 'none', 'task_id': 'V-112', 'revision': 0, 'ref': '1ceb61081f229f69aca0feea55f0e2fc120e87bf', 'hash': '', 'status': 'not_required'}, 'mapped_files': [], 'target_recheck'"
2026-09-15T11:58:13.935563+00:00,mcp__orchestra__merge_worker,"{'schema_version': 1, 'operation_id': '4205d099-3d9e-4a77-8728-60f020dedf9c', 'operation_state': 'PENDING', 'retryable': True, 'commit_point': 'NOT_REACHED', 'git': {'status': 'NOT_STARTED', 'target_branch': 'main', 'target_before': None, 'target_after': None, 'worker_branch': 'task-V-10/avito-research', 'worker_head': '1bbdad3d724f7e92e4523a8b0d9030b9d54e814e', 'conflicts': []}, 'task_links': {'status': 'NOT_RUN', 'items': {}}, 'rag': {'status': 'NOT_RUN'}, 'lifecycle': {'status': 'NOT_RUN'}, 'next_task': {'status': 'NOT_REQUESTED'}, 'error': None, 'warnings': [], 'next_action': {'code': 'CHECK_SAME_OPERATION', 'message': 'Check operation 4205d099-3d9e-4a77-8728-60f020dedf9c; do not merge manually.'}, 'admission': {'target': {'branch': 'main', 'sha': '363006a7097b810c878654c470ee0493eece144f'}, 'oracle': {'source': 'none', 'task_id': 'V-10', 'revision': 0, 'ref': '363006a7097b810c878654c470ee0493eece144f', 'hash': '', 'status': 'not_required'}, 'mapped_files': [], 'target_recheck': {'"
2026-09-15T13:03:21.639915+00:00,mcp__orchestra__merge_worker,"{'schema_version': 1, 'operation_id': '57a98e6f-b707-40f8-b908-507bc5eec0cd', 'operation_state': 'PENDING', 'retryable': True, 'commit_point': 'NOT_REACHED', 'git': {'status': 'NOT_STARTED', 'target_branch': 'main', 'target_before': None, 'target_after': None, 'worker_branch': 'adhoc-1789471020-2/bizdev', 'worker_head': '5303a0b4bbfc482bdba100c1c587bebb70fc253d', 'conflicts': []}, 'task_links': {'status': 'NOT_RUN', 'items': {}}, 'rag': {'status': 'NOT_RUN'}, 'lifecycle': {'status': 'NOT_RUN'}, 'next_task': {'status': 'NOT_REQUESTED'}, 'error': None, 'warnings': [], 'next_action': {'code': 'CHECK_SAME_OPERATION', 'message': 'Check operation 57a98e6f-b707-40f8-b908-507bc5eec0cd; do not merge manually.'}, 'admission': {'target': {'branch': 'main', 'sha': 'd72c84ffe4d730c50f7d6c5b3b88dfe13e47d4df'}, 'oracle': {'source': 'none', 'task_id': '', 'revision': 0, 'ref': 'd72c84ffe4d730c50f7d6c5b3b88dfe13e47d4df', 'hash': '', 'status': 'not_required'}, 'mapped_files': [], 'target_recheck': {'exp"
2026-09-15T13:04:12.937318+00:00,mcp__orchestra__merge_worker,"{'schema_version': 1, 'operation_id': '051b9c88-f61b-4d5c-88df-570e3e054e04', 'operation_state': 'PENDING', 'retryable': True, 'commit_point': 'NOT_REACHED', 'git': {'status': 'NOT_STARTED', 'target_branch': 'main', 'target_before': None, 'target_after': None, 'worker_branch': 'adhoc-1789471020-2/bizdev', 'worker_head': '5303a0b4bbfc482bdba100c1c587bebb70fc253d', 'conflicts': []}, 'task_links': {'status': 'NOT_RUN', 'items': {}}, 'rag': {'status': 'NOT_RUN'}, 'lifecycle': {'status': 'NOT_RUN'}, 'next_task': {'status': 'NOT_REQUESTED'}, 'error': None, 'warnings': [], 'next_action': {'code': 'CHECK_SAME_OPERATION', 'message': 'Check operation 051b9c88-f61b-4d5c-88df-570e3e054e04; do not merge manually.'}, 'admission': {'target': {'branch': 'main', 'sha': 'd72c84ffe4d730c50f7d6c5b3b88dfe13e47d4df'}, 'oracle': {'source': 'none', 'task_id': '', 'revision': 0, 'ref': 'd72c84ffe4d730c50f7d6c5b3b88dfe13e47d4df', 'hash': '', 'status': 'not_required'}, 'mapped_files': [], 'target_recheck': {'exp"
2026-09-15T13:07:42.511405+00:00,mcp__orchestra__merge_worker,"{'schema_version': 1, 'operation_id': 'dde99fa9-5ea0-4930-98ae-d7c18a2b8c04', 'operation_state': 'PENDING', 'retryable': True, 'commit_point': 'NOT_REACHED', 'git': {'status': 'NOT_STARTED', 'target_branch': 'main', 'target_before': None, 'target_after': None, 'worker_branch': 'task-V-577/clean-prompts', 'worker_head': '066b0914e913a701d1197eb56c86cd875a41e717', 'conflicts': []}, 'task_links': {'status': 'NOT_RUN', 'items': {}}, 'rag': {'status': 'NOT_RUN'}, 'lifecycle': {'status': 'NOT_RUN'}, 'next_task': {'status': 'NOT_REQUESTED'}, 'error': None, 'warnings': [], 'next_action': {'code': 'CHECK_SAME_OPERATION', 'message': 'Check operation dde99fa9-5ea0-4930-98ae-d7c18a2b8c04; do not merge manually.'}, 'admission': {'target': {'branch': 'main', 'sha': 'a3d8b8f439b6b8b7fb96ed910876fc2c88e038dd'}, 'oracle': {'source': 'none', 'task_id': 'V-577', 'revision': 0, 'ref': 'a3d8b8f439b6b8b7fb96ed910876fc2c88e038dd', 'hash': '', 'status': 'not_required'}, 'mapped_files': [], 'target_recheck': {"
2026-09-15T13:12:07.122945+00:00,mcp__orchestra__merge_worker,"{'schema_version': 1, 'operation_id': '813abf5d-0d67-4aea-86b7-4490e619d868', 'operation_state': 'PENDING', 'retryable': True, 'commit_point': 'NOT_REACHED', 'git': {'status': 'NOT_STARTED', 'target_branch': 'main', 'target_before': None, 'target_after': None, 'worker_branch': 'task-V-11/bizdev', 'worker_head': 'ba7c09d66dfd916884ce97c40ebe9db646808352', 'conflicts': []}, 'task_links': {'status': 'NOT_RUN', 'items': {}}, 'rag': {'status': 'NOT_RUN'}, 'lifecycle': {'status': 'NOT_RUN'}, 'next_task': {'status': 'NOT_REQUESTED'}, 'error': None, 'warnings': [], 'next_action': {'code': 'CHECK_SAME_OPERATION', 'message': 'Check operation 813abf5d-0d67-4aea-86b7-4490e619d868; do not merge manually.'}, 'admission': {'target': {'branch': 'main', 'sha': 'd72c84ffe4d730c50f7d6c5b3b88dfe13e47d4df'}, 'oracle': {'source': 'none', 'task_id': '', 'revision': 0, 'ref': 'd72c84ffe4d730c50f7d6c5b3b88dfe13e47d4df', 'hash': '', 'status': 'not_required'}, 'mapped_files': [], 'target_recheck': {'expected': '"
2026-09-15T13:15:13.913969+00:00,mcp__orchestra__merge_worker,"{'schema_version': 1, 'operation_id': '5977fce4-47c2-4766-97bb-88b66156a10d', 'operation_state': 'PENDING', 'retryable': True, 'commit_point': 'NOT_REACHED', 'git': {'status': 'NOT_STARTED', 'target_branch': 'main', 'target_before': None, 'target_after': None, 'worker_branch': 'adhoc-1789471020-2/bizdev', 'worker_head': 'e82a8125ec7db8fbcfcb3b059726d096d99f2c52', 'conflicts': []}, 'task_links': {'status': 'NOT_RUN', 'items': {}}, 'rag': {'status': 'NOT_RUN'}, 'lifecycle': {'status': 'NOT_RUN'}, 'next_task': {'status': 'NOT_REQUESTED'}, 'error': None, 'warnings': [], 'next_action': {'code': 'CHECK_SAME_OPERATION', 'message': 'Check operation 5977fce4-47c2-4766-97bb-88b66156a10d; do not merge manually.'}, 'admission': {'target': {'branch': 'main', 'sha': 'd72c84ffe4d730c50f7d6c5b3b88dfe13e47d4df'}, 'oracle': {'source': 'none', 'task_id': '', 'revision': 0, 'ref': 'd72c84ffe4d730c50f7d6c5b3b88dfe13e47d4df', 'hash': '', 'status': 'not_required'}, 'mapped_files': [], 'target_recheck': {'exp"
2026-09-15T13:45:57.264923+00:00,mcp__orchestra__merge_worker,"{'schema_version': 1, 'operation_id': 'c7848e52-f62b-46e3-9f45-9f16b817dec5', 'operation_state': 'PENDING', 'retryable': True, 'commit_point': 'NOT_REACHED', 'git': {'status': 'NOT_STARTED', 'target_branch': 'main', 'target_before': None, 'target_after': None, 'worker_branch': 'task-V-14/balatro-vps', 'worker_head': 'f431b352db70f91c542a5de719fc032e167b11fb', 'conflicts': []}, 'task_links': {'status': 'NOT_RUN', 'items': {}}, 'rag': {'status': 'NOT_RUN'}, 'lifecycle': {'status': 'NOT_RUN'}, 'next_task': {'status': 'NOT_REQUESTED'}, 'error': None, 'warnings': [], 'next_action': {'code': 'CHECK_SAME_OPERATION', 'message': 'Check operation c7848e52-f62b-46e3-9f45-9f16b817dec5; do not merge manually.'}, 'admission': {'target': {'branch': 'main', 'sha': '2f4ab2b8f18d14a77287b4921a5e444abc23ccf6'}, 'oracle': {'source': 'none', 'task_id': 'V-14', 'revision': 0, 'ref': '2f4ab2b8f18d14a77287b4921a5e444abc23ccf6', 'hash': '', 'status': 'not_required'}, 'mapped_files': [], 'target_recheck': {'exp"
2026-09-15T14:55:36.556660+00:00,mcp__orchestra__merge_worker,"{'schema_version': 1, 'operation_id': '16abee85-ec81-44a5-a6fd-993af1fae504', 'operation_state': 'PENDING', 'retryable': True, 'commit_point': 'NOT_REACHED', 'git': {'status': 'NOT_STARTED', 'target_branch': 'main', 'target_before': None, 'target_after': None, 'worker_branch': 'task-V-15/balatro-vps', 'worker_head': '688d68324c42b909ca3f8e22acea6927c1d9daab', 'conflicts': []}, 'task_links': {'status': 'NOT_RUN', 'items': {}}, 'rag': {'status': 'NOT_RUN'}, 'lifecycle': {'status': 'NOT_RUN'}, 'next_task': {'status': 'NOT_REQUESTED'}, 'error': None, 'warnings': [], 'next_action': {'code': 'CHECK_SAME_OPERATION', 'message': 'Check operation 16abee85-ec81-44a5-a6fd-993af1fae504; do not merge manually.'}, 'admission': {'target': {'branch': 'main', 'sha': '0e94d02b7059e35a9bc8885e482558567a68365e'}, 'oracle': {'source': 'none', 'task_id': 'V-15', 'revision': 0, 'ref': '0e94d02b7059e35a9bc8885e482558567a68365e', 'hash': '', 'status': 'not_required'}, 'mapped_files': [], 'target_recheck': {'exp"
2026-09-15T14:55:55.372909+00:00,mcp__orchestra__merge_worker,"{'schema_version': 1, 'operation_id': '60281106-2924-45ab-ba07-e77743e2c317', 'operation_state': 'PENDING', 'retryable': True, 'commit_point': 'NOT_REACHED', 'git': {'status': 'NOT_STARTED', 'target_branch': 'main', 'target_before': None, 'target_after': None, 'worker_branch': 'task-V-15/balatro-vps', 'worker_head': '688d68324c42b909ca3f8e22acea6927c1d9daab', 'conflicts': []}, 'task_links': {'status': 'NOT_RUN', 'items': {}}, 'rag': {'status': 'NOT_RUN'}, 'lifecycle': {'status': 'NOT_RUN'}, 'next_task': {'status': 'NOT_REQUESTED'}, 'error': None, 'warnings': [], 'next_action': {'code': 'CHECK_SAME_OPERATION', 'message': 'Check operation 60281106-2924-45ab-ba07-e77743e2c317; do not merge manually.'}, 'admission': {'target': {'branch': 'main', 'sha': '0e94d02b7059e35a9bc8885e482558567a68365e'}, 'oracle': {'source': 'none', 'task_id': 'V-15', 'revision': 0, 'ref': '0e94d02b7059e35a9bc8885e482558567a68365e', 'hash': '', 'status': 'not_required'}, 'mapped_files': [], 'target_recheck': {'exp"
2026-09-15T14:57:53.461979+00:00,mcp__orchestra__merge_worker,"{'schema_version': 1, 'operation_id': '5781e8fc-c44d-4774-895b-c111761e0455', 'operation_state': 'PENDING', 'retryable': True, 'commit_point': 'NOT_REACHED', 'git': {'status': 'NOT_STARTED', 'target_branch': 'main', 'target_before': None, 'target_after': None, 'worker_branch': 'task-V-15/balatro-vps', 'worker_head': '688d68324c42b909ca3f8e22acea6927c1d9daab', 'conflicts': []}, 'task_links': {'status': 'NOT_RUN', 'items': {}}, 'rag': {'status': 'NOT_RUN'}, 'lifecycle': {'status': 'NOT_RUN'}, 'next_task': {'status': 'NOT_REQUESTED'}, 'error': None, 'warnings': [], 'next_action': {'code': 'CHECK_SAME_OPERATION', 'message': 'Check operation 5781e8fc-c44d-4774-895b-c111761e0455; do not merge manually.'}, 'admission': {'target': {'branch': 'main', 'sha': '0e94d02b7059e35a9bc8885e482558567a68365e'}, 'oracle': {'source': 'none', 'task_id': 'V-15', 'revision': 0, 'ref': '0e94d02b7059e35a9bc8885e482558567a68365e', 'hash': '', 'status': 'not_required'}, 'mapped_files': [], 'target_recheck': {'exp"
2026-09-15T17:33:21.122515+00:00,mcp__orchestra__merge_worker,"{'schema_version': 1, 'operation_id': 'c35233d9-90ab-4653-a6b4-e9d74c05283c', 'operation_state': 'PENDING', 'retryable': True, 'commit_point': 'NOT_REACHED', 'git': {'status': 'NOT_STARTED', 'target_branch': 'main', 'target_before': None, 'target_after': None, 'worker_branch': 'task-V-15/balatro-vps', 'worker_head': 'd175d24336966697ed76cade96e6bb5a18c060c9', 'conflicts': []}, 'task_links': {'status': 'NOT_RUN', 'items': {}}, 'rag': {'status': 'NOT_RUN'}, 'lifecycle': {'status': 'NOT_RUN'}, 'next_task': {'status': 'NOT_REQUESTED'}, 'error': None, 'warnings': [], 'next_action': {'code': 'CHECK_SAME_OPERATION', 'message': 'Check operation c35233d9-90ab-4653-a6b4-e9d74c05283c; do not merge manually.'}, 'admission': {'target': {'branch': 'main', 'sha': '74e47fc0c23dd3bd22da89e6e597294fce932342'}, 'oracle': {'source': 'none', 'task_id': 'V-15', 'revision': 0, 'ref': '74e47fc0c23dd3bd22da89e6e597294fce932342', 'hash': '', 'status': 'not_required'}, 'mapped_files': [], 'target_recheck': {'exp"
2026-09-16T05:02:12.811134+00:00,mcp__orchestra__merge_worker,"{'schema_version': 1, 'operation_id': 'd876e90b-6537-4c58-99b0-65179bb560f7', 'operation_state': 'PENDING', 'retryable': True, 'commit_point': 'NOT_REACHED', 'git': {'status': 'NOT_STARTED', 'target_branch': 'main', 'target_before': None, 'target_after': None, 'worker_branch': 'adhoc-1787834139-4/designer', 'worker_head': '6f1bd2a46835f2496e3bd6ca934fd017192521e8', 'conflicts': []}, 'task_links': {'status': 'NOT_RUN', 'items': {}}, 'rag': {'status': 'NOT_RUN'}, 'lifecycle': {'status': 'NOT_RUN'}, 'next_task': {'status': 'NOT_REQUESTED'}, 'error': None, 'warnings': [], 'next_action': {'code': 'CHECK_SAME_OPERATION', 'message': 'Check operation d876e90b-6537-4c58-99b0-65179bb560f7; do not merge manually.'}, 'admission': {'target': {'branch': 'main', 'sha': '70ef5343196930b9d2b925a627579a8b49c5a4b1'}, 'oracle': {'source': 'none', 'task_id': '', 'revision': 0, 'ref': '70ef5343196930b9d2b925a627579a8b49c5a4b1', 'hash': '', 'status': 'not_required'}, 'mapped_files': [], 'target_recheck': {'e"
2026-09-16T05:02:25.817312+00:00,mcp__orchestra__merge_worker,"{'schema_version': 1, 'operation_id': '2a8348f0-6512-4c45-8930-01b276047aa0', 'operation_state': 'PENDING', 'retryable': True, 'commit_point': 'NOT_REACHED', 'git': {'status': 'NOT_STARTED', 'target_branch': 'main', 'target_before': None, 'target_after': None, 'worker_branch': 'adhoc-1787834139-4/designer', 'worker_head': '6f1bd2a46835f2496e3bd6ca934fd017192521e8', 'conflicts': []}, 'task_links': {'status': 'NOT_RUN', 'items': {}}, 'rag': {'status': 'NOT_RUN'}, 'lifecycle': {'status': 'NOT_RUN'}, 'next_task': {'status': 'NOT_REQUESTED'}, 'error': None, 'warnings': [], 'next_action': {'code': 'CHECK_SAME_OPERATION', 'message': 'Check operation 2a8348f0-6512-4c45-8930-01b276047aa0; do not merge manually.'}, 'admission': {'target': {'branch': 'main', 'sha': '70ef5343196930b9d2b925a627579a8b49c5a4b1'}, 'oracle': {'source': 'none', 'task_id': '', 'revision': 0, 'ref': '70ef5343196930b9d2b925a627579a8b49c5a4b1', 'hash': '', 'status': 'not_required'}, 'mapped_files': [], 'target_recheck': {'e"
2026-09-16T05:59:09.370569+00:00,mcp__orchestra__merge_worker,"{'schema_version': 1, 'operation_id': '8d7f22cb-bdcb-46fe-9c5f-fb7762da51b3', 'operation_state': 'PENDING', 'retryable': True, 'commit_point': 'NOT_REACHED', 'git': {'status': 'NOT_STARTED', 'target_branch': 'main', 'target_before': None, 'target_after': None, 'worker_branch': 'task-V-16/autobattler', 'worker_head': '37a7ed72750df26d936f5ee8ce1ecd89c12e7d04', 'conflicts': []}, 'task_links': {'status': 'NOT_RUN', 'items': {}}, 'rag': {'status': 'NOT_RUN'}, 'lifecycle': {'status': 'NOT_RUN'}, 'next_task': {'status': 'NOT_REQUESTED'}, 'error': None, 'warnings': [], 'next_action': {'code': 'CHECK_SAME_OPERATION', 'message': 'Check operation 8d7f22cb-bdcb-46fe-9c5f-fb7762da51b3; do not merge manually.'}, 'admission': {'target': {'branch': 'main', 'sha': 'd9feb75f9fcf5b69e1d976e672eba713a4a900b3'}, 'oracle': {'source': 'none', 'task_id': 'V-16', 'revision': 0, 'ref': 'd9feb75f9fcf5b69e1d976e672eba713a4a900b3', 'hash': '', 'status': 'not_required'}, 'mapped_files': [], 'target_recheck': {'exp"
2026-09-16T05:59:45.337784+00:00,mcp__orchestra__merge_worker,"{'schema_version': 1, 'operation_id': '6d6dee0b-cdd4-4704-86b3-8e013581e55a', 'operation_state': 'PENDING', 'retryable': True, 'commit_point': 'NOT_REACHED', 'git': {'status': 'NOT_STARTED', 'target_branch': 'main', 'target_before': None, 'target_after': None, 'worker_branch': 'task-V-16/autobattler', 'worker_head': '37a7ed72750df26d936f5ee8ce1ecd89c12e7d04', 'conflicts': []}, 'task_links': {'status': 'NOT_RUN', 'items': {}}, 'rag': {'status': 'NOT_RUN'}, 'lifecycle': {'status': 'NOT_RUN'}, 'next_task': {'status': 'NOT_REQUESTED'}, 'error': None, 'warnings': [], 'next_action': {'code': 'CHECK_SAME_OPERATION', 'message': 'Check operation 6d6dee0b-cdd4-4704-86b3-8e013581e55a; do not merge manually.'}, 'admission': {'target': {'branch': 'main', 'sha': 'd9feb75f9fcf5b69e1d976e672eba713a4a900b3'}, 'oracle': {'source': 'none', 'task_id': 'V-16', 'revision': 0, 'ref': 'd9feb75f9fcf5b69e1d976e672eba713a4a900b3', 'hash': '', 'status': 'not_required'}, 'mapped_files': [], 'target_recheck': {'exp"
2026-09-16T06:52:49.767325+00:00,mcp__orchestra__merge_worker,"{'schema_version': 1, 'operation_id': 'c9abaaa6-b6d8-4313-8dcf-cf63355a7992', 'operation_state': 'PENDING', 'retryable': True, 'commit_point': 'NOT_REACHED', 'git': {'status': 'NOT_STARTED', 'target_branch': 'main', 'target_before': None, 'target_after': None, 'worker_branch': 'adhoc-1789538916-1/bizdev', 'worker_head': 'c52b7ecd8df89655177b9c0153e903ced8ae6539', 'conflicts': []}, 'task_links': {'status': 'NOT_RUN', 'items': {}}, 'rag': {'status': 'NOT_RUN'}, 'lifecycle': {'status': 'NOT_RUN'}, 'next_task': {'status': 'NOT_REQUESTED'}, 'error': None, 'warnings': [], 'next_action': {'code': 'CHECK_SAME_OPERATION', 'message': 'Check operation c9abaaa6-b6d8-4313-8dcf-cf63355a7992; do not merge manually.'}, 'admission': {'target': {'branch': 'main', 'sha': '792ea728d670c2ce5c921de9604f5eb0a43665db'}, 'oracle': {'source': 'none', 'task_id': '', 'revision': 0, 'ref': '792ea728d670c2ce5c921de9604f5eb0a43665db', 'hash': '', 'status': 'not_required'}, 'mapped_files': [], 'target_recheck': {'exp"
2026-09-16T06:53:36.092165+00:00,mcp__orchestra__merge_worker,"{'schema_version': 1, 'operation_id': '25d791a9-38d8-4846-9fe5-c47e679a20e6', 'operation_state': 'PENDING', 'retryable': True, 'commit_point': 'NOT_REACHED', 'git': {'status': 'NOT_STARTED', 'target_branch': 'main', 'target_before': None, 'target_after': None, 'worker_branch': 'adhoc-1789538916-1/bizdev', 'worker_head': 'c52b7ecd8df89655177b9c0153e903ced8ae6539', 'conflicts': []}, 'task_links': {'status': 'NOT_RUN', 'items': {}}, 'rag': {'status': 'NOT_RUN'}, 'lifecycle': {'status': 'NOT_RUN'}, 'next_task': {'status': 'NOT_REQUESTED'}, 'error': None, 'warnings': [], 'next_action': {'code': 'CHECK_SAME_OPERATION', 'message': 'Check operation 25d791a9-38d8-4846-9fe5-c47e679a20e6; do not merge manually.'}, 'admission': {'target': {'branch': 'main', 'sha': '792ea728d670c2ce5c921de9604f5eb0a43665db'}, 'oracle': {'source': 'none', 'task_id': '', 'revision': 0, 'ref': '792ea728d670c2ce5c921de9604f5eb0a43665db', 'hash': '', 'status': 'not_required'}, 'mapped_files': [], 'target_recheck': {'exp"
2026-09-16T07:00:21.433007+00:00,mcp__orchestra__merge_worker,"{'schema_version': 1, 'operation_id': 'c4c9935e-7ead-45e5-91b2-e83eea762c5e', 'operation_state': 'PENDING', 'retryable': True, 'commit_point': 'NOT_REACHED', 'git': {'status': 'NOT_STARTED', 'target_branch': 'main', 'target_before': None, 'target_after': None, 'worker_branch': 'adhoc-1789541651-1/bizdev', 'worker_head': '6cad261fb0b06387ef421912488c2699532e5402', 'conflicts': []}, 'task_links': {'status': 'NOT_RUN', 'items': {}}, 'rag': {'status': 'NOT_RUN'}, 'lifecycle': {'status': 'NOT_RUN'}, 'next_task': {'status': 'NOT_REQUESTED'}, 'error': None, 'warnings': [], 'next_action': {'code': 'CHECK_SAME_OPERATION', 'message': 'Check operation c4c9935e-7ead-45e5-91b2-e83eea762c5e; do not merge manually.'}, 'admission': {'target': {'branch': 'main', 'sha': '6ccbefd647f2d718e607a836056e2341c513a174'}, 'oracle': {'source': 'none', 'task_id': '', 'revision': 0, 'ref': '6ccbefd647f2d718e607a836056e2341c513a174', 'hash': '', 'status': 'not_required'}, 'mapped_files': [], 'target_recheck': {'exp"
2026-09-16T09:25:56.782634+00:00,mcp__orchestra__merge_worker,"{'schema_version': 1, 'operation_id': '1168b6d8-35e5-4c71-8128-4e196e688a08', 'operation_state': 'PENDING', 'retryable': True, 'commit_point': 'NOT_REACHED', 'git': {'status': 'NOT_STARTED', 'target_branch': 'main', 'target_before': None, 'target_after': None, 'worker_branch': 'adhoc-1789543162-2/bizdev', 'worker_head': '2d44398b4076c9581e66cc41a8cbbd9332fedc05', 'conflicts': []}, 'task_links': {'status': 'NOT_RUN', 'items': {}}, 'rag': {'status': 'NOT_RUN'}, 'lifecycle': {'status': 'NOT_RUN'}, 'next_task': {'status': 'NOT_REQUESTED'}, 'error': None, 'warnings': [], 'next_action': {'code': 'CHECK_SAME_OPERATION', 'message': 'Check operation 1168b6d8-35e5-4c71-8128-4e196e688a08; do not merge manually.'}, 'admission': {'target': {'branch': 'main', 'sha': '3c04dd5378b1a29905b225ada3f9b456c6a3ed20'}, 'oracle': {'source': 'none', 'task_id': '', 'revision': 0, 'ref': '3c04dd5378b1a29905b225ada3f9b456c6a3ed20', 'hash': '', 'status': 'not_required'}, 'mapped_files': [], 'target_recheck': {'exp"
2026-09-16T09:39:24.114198+00:00,mcp__orchestra__merge_worker,"{'schema_version': 1, 'operation_id': '4d146c02-c68f-4b6a-b872-9280d41d29f4', 'operation_state': 'PENDING', 'retryable': True, 'commit_point': 'NOT_REACHED', 'git': {'status': 'NOT_STARTED', 'target_branch': 'main', 'target_before': None, 'target_after': None, 'worker_branch': 'task-V-14/feat-reestr-infra', 'worker_head': '84d9b6b3816e015f1de20390300967498202dffc', 'conflicts': []}, 'task_links': {'status': 'NOT_RUN', 'items': {}}, 'rag': {'status': 'NOT_RUN'}, 'lifecycle': {'status': 'NOT_RUN'}, 'next_task': {'status': 'NOT_REQUESTED'}, 'error': None, 'warnings': [], 'next_action': {'code': 'CHECK_SAME_OPERATION', 'message': 'Check operation 4d146c02-c68f-4b6a-b872-9280d41d29f4; do not merge manually.'}, 'admission': {'target': {'branch': 'main', 'sha': 'dad649139c3cbe055db4841ed5ad0c25108f9ab0'}, 'oracle': {'source': 'none', 'task_id': 'V-14', 'revision': 0, 'ref': 'dad649139c3cbe055db4841ed5ad0c25108f9ab0', 'hash': '', 'status': 'not_required'}, 'mapped_files': [], 'target_recheck':"
2026-09-16T11:13:06.976203+00:00,mcp__orchestra__merge_worker,"{'schema_version': 1, 'operation_id': 'f5e1bb1f-74f8-4627-b56b-187a8336b83c', 'operation_state': 'PENDING', 'retryable': True, 'commit_point': 'NOT_REACHED', 'git': {'status': 'NOT_STARTED', 'target_branch': 'main', 'target_before': None, 'target_after': None, 'worker_branch': 'task-V-579/research-openresearch', 'worker_head': '8e1b44d90d2d5910ed89eb2789bc36140c308725', 'conflicts': []}, 'task_links': {'status': 'NOT_RUN', 'items': {}}, 'rag': {'status': 'NOT_RUN'}, 'lifecycle': {'status': 'NOT_RUN'}, 'next_task': {'status': 'NOT_REQUESTED'}, 'error': None, 'warnings': [], 'next_action': {'code': 'CHECK_SAME_OPERATION', 'message': 'Check operation f5e1bb1f-74f8-4627-b56b-187a8336b83c; do not merge manually.'}, 'admission': {'target': {'branch': 'main', 'sha': '4d3c4133e1f33bc0190b624e14ed1db3c51f387b'}, 'oracle': {'source': 'none', 'task_id': 'V-579', 'revision': 0, 'ref': '4d3c4133e1f33bc0190b624e14ed1db3c51f387b', 'hash': '', 'status': 'not_required'}, 'mapped_files': [], 'target_rec"
2026-09-16T11:15:26.856732+00:00,mcp__orchestra__merge_worker,"{'schema_version': 1, 'operation_id': '452cbf30-3f81-4533-a122-860b4ae485eb', 'operation_state': 'PENDING', 'retryable': True, 'commit_point': 'NOT_REACHED', 'git': {'status': 'NOT_STARTED', 'target_branch': 'main', 'target_before': None, 'target_after': None, 'worker_branch': 'task-V-17/balatro-vps', 'worker_head': 'a13684d7c42b5b4b1488d518a7a2c5325318f215', 'conflicts': []}, 'task_links': {'status': 'NOT_RUN', 'items': {}}, 'rag': {'status': 'NOT_RUN'}, 'lifecycle': {'status': 'NOT_RUN'}, 'next_task': {'status': 'NOT_REQUESTED'}, 'error': None, 'warnings': [], 'next_action': {'code': 'CHECK_SAME_OPERATION', 'message': 'Check operation 452cbf30-3f81-4533-a122-860b4ae485eb; do not merge manually.'}, 'admission': {'target': {'branch': 'main', 'sha': '7f3e83dd3c11adfa6a14bcf97d3bb1a92b2230a5'}, 'oracle': {'source': 'none', 'task_id': 'V-17', 'revision': 0, 'ref': '7f3e83dd3c11adfa6a14bcf97d3bb1a92b2230a5', 'hash': '', 'status': 'not_required'}, 'mapped_files': [], 'target_recheck': {'exp"
2026-09-16T11:17:25.363446+00:00,mcp__orchestra__merge_worker,"{'schema_version': 1, 'operation_id': '894b296c-f53a-48d8-8e12-f120cea8fc6d', 'operation_state': 'PENDING', 'retryable': True, 'commit_point': 'NOT_REACHED', 'git': {'status': 'NOT_STARTED', 'target_branch': 'main', 'target_before': None, 'target_after': None, 'worker_branch': 'task-V-17/balatro-vps', 'worker_head': 'bea7d9d4b62036427c061c4d25604a07ebcf8a08', 'conflicts': []}, 'task_links': {'status': 'NOT_RUN', 'items': {}}, 'rag': {'status': 'NOT_RUN'}, 'lifecycle': {'status': 'NOT_RUN'}, 'next_task': {'status': 'NOT_REQUESTED'}, 'error': None, 'warnings': [], 'next_action': {'code': 'CHECK_SAME_OPERATION', 'message': 'Check operation 894b296c-f53a-48d8-8e12-f120cea8fc6d; do not merge manually.'}, 'admission': {'target': {'branch': 'main', 'sha': 'bea7d9d4b62036427c061c4d25604a07ebcf8a08'}, 'oracle': {'source': 'none', 'task_id': 'V-17', 'revision': 0, 'ref': 'bea7d9d4b62036427c061c4d25604a07ebcf8a08', 'hash': '', 'status': 'not_required'}, 'mapped_files': [], 'target_recheck': {'exp"
2026-09-16T11:23:49.381332+00:00,mcp__orchestra__codex_review,"Review receipt: review-receipt:fea4ec15-ce72-43c7-96b1-341e54e80866.
Codex implementation started with reviewer model gpt-5.6-luna (bg job bg-6f8e9d7c3a, 10-min timeout). END YOUR TURN NOW — this is required, not optional. Orchestra will wake you when the job succeeds, times out, or fails. On success: read .orchestra/tasks/V-580/review.md. To continue this debate, call codex_review again with the SAME output and resume=True. Do not start another codex_review until this one reports back."
2026-09-16T11:27:18.585816+00:00,mcp__orchestra__codex_review,"Review receipt: review-receipt:02ced122-b3db-40f1-ad7e-1906baa7de4f.
Codex resume started with reviewer model gpt-5.6-luna (resumed session 01a0a9f5) (bg job bg-94ed4e6eca, 10-min timeout). END YOUR TURN NOW — this is required, not optional. Orchestra will wake you when the job succeeds, times out, or fails. On success: read .orchestra/tasks/V-580/review.md. To continue this debate, call codex_review again with the SAME output and resume=True. Do not start another codex_review until this one reports back."
2026-09-16T11:31:01.558548+00:00,mcp__orchestra__merge_worker,"{'schema_version': 1, 'operation_id': 'c17df8e2-b7f7-4ebc-8009-6b2e86b5d280', 'operation_state': 'PENDING', 'retryable': True, 'commit_point': 'NOT_REACHED', 'git': {'status': 'NOT_STARTED', 'target_branch': 'main', 'target_before': None, 'target_after': None, 'worker_branch': 'task-V-580/prompt-engineer', 'worker_head': 'be58a8652b1b08c56a93d4ddef2e6d0770260892', 'conflicts': []}, 'task_links': {'status': 'NOT_RUN', 'items': {}}, 'rag': {'status': 'NOT_RUN'}, 'lifecycle': {'status': 'NOT_RUN'}, 'next_task': {'status': 'NOT_REQUESTED'}, 'error': None, 'warnings': [], 'next_action': {'code': 'CHECK_SAME_OPERATION', 'message': 'Check operation c17df8e2-b7f7-4ebc-8009-6b2e86b5d280; do not merge manually.'}, 'admission': {'target': {'branch': 'main', 'sha': 'a68215206f4c6dc379b28f1409713e9afdd14c7d'}, 'oracle': {'source': 'none', 'task_id': 'V-580', 'revision': 0, 'ref': 'a68215206f4c6dc379b28f1409713e9afdd14c7d', 'hash': '', 'status': 'not_required'}, 'mapped_files': [], 'target_recheck':"
2026-09-16T11:36:54.068366+00:00,mcp__orchestra__merge_worker,"{'schema_version': 1, 'operation_id': '68ac1eaa-a248-46ff-8930-cd53b6208b53', 'operation_state': 'PENDING', 'retryable': True, 'commit_point': 'NOT_REACHED', 'git': {'status': 'NOT_STARTED', 'target_branch': 'main', 'target_before': None, 'target_after': None, 'worker_branch': 'task-V-17/balatro-vps', 'worker_head': '57f8e268c682ce69e42654304c6b8d5f1805d8ef', 'conflicts': []}, 'task_links': {'status': 'NOT_RUN', 'items': {}}, 'rag': {'status': 'NOT_RUN'}, 'lifecycle': {'status': 'NOT_RUN'}, 'next_task': {'status': 'NOT_REQUESTED'}, 'error': None, 'warnings': [], 'next_action': {'code': 'CHECK_SAME_OPERATION', 'message': 'Check operation 68ac1eaa-a248-46ff-8930-cd53b6208b53; do not merge manually.'}, 'admission': {'target': {'branch': 'main', 'sha': 'bea7d9d4b62036427c061c4d25604a07ebcf8a08'}, 'oracle': {'source': 'none', 'task_id': 'V-17', 'revision': 0, 'ref': 'bea7d9d4b62036427c061c4d25604a07ebcf8a08', 'hash': '', 'status': 'not_required'}, 'mapped_files': [], 'target_recheck': {'exp"
2026-09-16T11:45:45.441545+00:00,mcp__orchestra__merge_worker,"{'schema_version': 1, 'operation_id': 'bd1e379f-87dd-4149-a3ba-e8650fec3311', 'operation_state': 'PENDING', 'retryable': True, 'commit_point': 'NOT_REACHED', 'git': {'status': 'NOT_STARTED', 'target_branch': 'main', 'target_before': None, 'target_after': None, 'worker_branch': 'task-V-18/autobattler', 'worker_head': 'cd3b7a98d639271bdc63074e26bcf23cebb5c481', 'conflicts': []}, 'task_links': {'status': 'NOT_RUN', 'items': {}}, 'rag': {'status': 'NOT_RUN'}, 'lifecycle': {'status': 'NOT_RUN'}, 'next_task': {'status': 'NOT_REQUESTED'}, 'error': None, 'warnings': [], 'next_action': {'code': 'CHECK_SAME_OPERATION', 'message': 'Check operation bd1e379f-87dd-4149-a3ba-e8650fec3311; do not merge manually.'}, 'admission': {'target': {'branch': 'main', 'sha': 'cdf73e122672a39bcbc7a29825db10ad4601c5ec'}, 'oracle': {'source': 'none', 'task_id': 'V-18', 'revision': 0, 'ref': 'cdf73e122672a39bcbc7a29825db10ad4601c5ec', 'hash': '', 'status': 'not_required'}, 'mapped_files': [], 'target_recheck': {'exp"
2026-09-17T05:02:22.614192+00:00,mcp__orchestra__merge_worker,"{'schema_version': 1, 'operation_id': '3b75d794-3c67-487b-826f-448718dbfef5', 'operation_state': 'PENDING', 'retryable': True, 'commit_point': 'NOT_REACHED', 'git': {'status': 'NOT_STARTED', 'target_branch': 'main', 'target_before': None, 'target_after': None, 'worker_branch': 'task-V-583/measure-chat-switch', 'worker_head': '70e2bb7fb7a138ffe67208966fb37f80a9c382de', 'conflicts': []}, 'task_links': {'status': 'NOT_RUN', 'items': {}}, 'rag': {'status': 'NOT_RUN'}, 'lifecycle': {'status': 'NOT_RUN'}, 'next_task': {'status': 'NOT_REQUESTED'}, 'error': None, 'warnings': [], 'next_action': {'code': 'CHECK_SAME_OPERATION', 'message': 'Check operation 3b75d794-3c67-487b-826f-448718dbfef5; do not merge manually.'}, 'admission': {'target': {'branch': 'main', 'sha': 'b9d5be3c9746c841ec1da6ccb69d762ed19a76cc'}, 'oracle': {'source': 'none', 'task_id': 'V-583', 'revision': 0, 'ref': 'b9d5be3c9746c841ec1da6ccb69d762ed19a76cc', 'hash': '', 'status': 'not_required'}, 'mapped_files': [], 'target_reche"
2026-09-17T05:03:17.426754+00:00,mcp__orchestra__merge_worker,"{'schema_version': 1, 'operation_id': 'e5d59e2a-60d0-4ef3-9a13-8a259a948ebf', 'operation_state': 'PENDING', 'retryable': True, 'commit_point': 'NOT_REACHED', 'git': {'status': 'NOT_STARTED', 'target_branch': 'main', 'target_before': None, 'target_after': None, 'worker_branch': 'task-V-583/measure-chat-switch', 'worker_head': '70e2bb7fb7a138ffe67208966fb37f80a9c382de', 'conflicts': []}, 'task_links': {'status': 'NOT_RUN', 'items': {}}, 'rag': {'status': 'NOT_RUN'}, 'lifecycle': {'status': 'NOT_RUN'}, 'next_task': {'status': 'NOT_REQUESTED'}, 'error': None, 'warnings': [], 'next_action': {'code': 'CHECK_SAME_OPERATION', 'message': 'Check operation e5d59e2a-60d0-4ef3-9a13-8a259a948ebf; do not merge manually.'}, 'admission': {'target': {'branch': 'main', 'sha': 'b9d5be3c9746c841ec1da6ccb69d762ed19a76cc'}, 'oracle': {'source': 'none', 'task_id': 'V-583', 'revision': 0, 'ref': 'b9d5be3c9746c841ec1da6ccb69d762ed19a76cc', 'hash': '', 'status': 'not_required'}, 'mapped_files': [], 'target_reche"
2026-09-17T05:04:33.279167+00:00,mcp__orchestra__merge_worker,"{'schema_version': 1, 'operation_id': '907731b1-1922-4c21-85e6-c294b3632afd', 'operation_state': 'PENDING', 'retryable': True, 'commit_point': 'NOT_REACHED', 'git': {'status': 'NOT_STARTED', 'target_branch': 'main', 'target_before': None, 'target_after': None, 'worker_branch': 'task-V-583/measure-chat-switch', 'worker_head': '3e42fe806c08f27c727931bea94a29535a05f515', 'conflicts': []}, 'task_links': {'status': 'NOT_RUN', 'items': {}}, 'rag': {'status': 'NOT_RUN'}, 'lifecycle': {'status': 'NOT_RUN'}, 'next_task': {'status': 'NOT_REQUESTED'}, 'error': None, 'warnings': [], 'next_action': {'code': 'CHECK_SAME_OPERATION', 'message': 'Check operation 907731b1-1922-4c21-85e6-c294b3632afd; do not merge manually.'}, 'admission': {'target': {'branch': 'main', 'sha': 'b9d5be3c9746c841ec1da6ccb69d762ed19a76cc'}, 'oracle': {'source': 'none', 'task_id': 'V-583', 'revision': 0, 'ref': 'b9d5be3c9746c841ec1da6ccb69d762ed19a76cc', 'hash': '', 'status': 'not_required'}, 'mapped_files': [], 'target_reche"
2026-09-17T05:38:04.841279+00:00,mcp__orchestra__merge_worker,"{'schema_version': 1, 'operation_id': '4a3f3bd6-af00-42e0-a8e3-c29091444eee', 'operation_state': 'PENDING', 'retryable': True, 'commit_point': 'NOT_REACHED', 'git': {'status': 'NOT_STARTED', 'target_branch': 'main', 'target_before': None, 'target_after': None, 'worker_branch': 'task-V-15/feat-reestr-zayavlenie', 'worker_head': '5c0aa3d94de4ed62418778aa008859e748528311', 'conflicts': []}, 'task_links': {'status': 'NOT_RUN', 'items': {}}, 'rag': {'status': 'NOT_RUN'}, 'lifecycle': {'status': 'NOT_RUN'}, 'next_task': {'status': 'NOT_REQUESTED'}, 'error': None, 'warnings': [], 'next_action': {'code': 'CHECK_SAME_OPERATION', 'message': 'Check operation 4a3f3bd6-af00-42e0-a8e3-c29091444eee; do not merge manually.'}, 'admission': {'target': {'branch': 'main', 'sha': '5bc5bb600f8e490bd9c3aa60177ebfd9e22667cc'}, 'oracle': {'source': 'none', 'task_id': 'V-15', 'revision': 0, 'ref': '5bc5bb600f8e490bd9c3aa60177ebfd9e22667cc', 'hash': '', 'status': 'not_required'}, 'mapped_files': [], 'target_rech"
2026-09-17T05:38:55.580966+00:00,mcp__orchestra__merge_worker,"{'schema_version': 1, 'operation_id': '2dcd8ec9-7e53-4fc5-b95b-b28edc44d7f0', 'operation_state': 'PENDING', 'retryable': True, 'commit_point': 'NOT_REACHED', 'git': {'status': 'NOT_STARTED', 'target_branch': 'main', 'target_before': None, 'target_after': None, 'worker_branch': 'task-V-15/feat-reestr-zayavlenie', 'worker_head': '5c0aa3d94de4ed62418778aa008859e748528311', 'conflicts': []}, 'task_links': {'status': 'NOT_RUN', 'items': {}}, 'rag': {'status': 'NOT_RUN'}, 'lifecycle': {'status': 'NOT_RUN'}, 'next_task': {'status': 'NOT_REQUESTED'}, 'error': None, 'warnings': [], 'next_action': {'code': 'CHECK_SAME_OPERATION', 'message': 'Check operation 2dcd8ec9-7e53-4fc5-b95b-b28edc44d7f0; do not merge manually.'}, 'admission': {'target': {'branch': 'main', 'sha': '5bc5bb600f8e490bd9c3aa60177ebfd9e22667cc'}, 'oracle': {'source': 'none', 'task_id': 'V-15', 'revision': 0, 'ref': '5bc5bb600f8e490bd9c3aa60177ebfd9e22667cc', 'hash': '', 'status': 'not_required'}, 'mapped_files': [], 'target_rech"
2026-09-17T06:06:14.488858+00:00,mcp__orchestra__merge_worker,"{'schema_version': 1, 'operation_id': '010a0020-7cfb-4a82-a4b9-aea655e5dfb1', 'operation_state': 'PENDING', 'retryable': True, 'commit_point': 'NOT_REACHED', 'git': {'status': 'NOT_STARTED', 'target_branch': 'main', 'target_before': None, 'target_after': None, 'worker_branch': 'task-V-20/elevator', 'worker_head': '5db03b68642a1b56bd082f4c76db398ff9de2f44', 'conflicts': []}, 'task_links': {'status': 'NOT_RUN', 'items': {}}, 'rag': {'status': 'NOT_RUN'}, 'lifecycle': {'status': 'NOT_RUN'}, 'next_task': {'status': 'NOT_REQUESTED'}, 'error': None, 'warnings': [], 'next_action': {'code': 'CHECK_SAME_OPERATION', 'message': 'Check operation 010a0020-7cfb-4a82-a4b9-aea655e5dfb1; do not merge manually.'}, 'admission': {'target': {'branch': 'main', 'sha': '8ceb20eb1fa96acb847963d43c6a4ef4552cac94'}, 'oracle': {'source': 'none', 'task_id': 'V-20', 'revision': 0, 'ref': '8ceb20eb1fa96acb847963d43c6a4ef4552cac94', 'hash': '', 'status': 'not_required'}, 'mapped_files': [], 'target_recheck': {'expect"
2026-09-17T06:06:31.189561+00:00,mcp__orchestra__merge_worker,"{'schema_version': 1, 'operation_id': '7d876ebc-e591-4578-9a61-8a3c5dbda1a8', 'operation_state': 'PENDING', 'retryable': True, 'commit_point': 'NOT_REACHED', 'git': {'status': 'NOT_STARTED', 'target_branch': 'main', 'target_before': None, 'target_after': None, 'worker_branch': 'task-V-20/elevator', 'worker_head': '5db03b68642a1b56bd082f4c76db398ff9de2f44', 'conflicts': []}, 'task_links': {'status': 'NOT_RUN', 'items': {}}, 'rag': {'status': 'NOT_RUN'}, 'lifecycle': {'status': 'NOT_RUN'}, 'next_task': {'status': 'NOT_REQUESTED'}, 'error': None, 'warnings': [], 'next_action': {'code': 'CHECK_SAME_OPERATION', 'message': 'Check operation 7d876ebc-e591-4578-9a61-8a3c5dbda1a8; do not merge manually.'}, 'admission': {'target': {'branch': 'main', 'sha': '8ceb20eb1fa96acb847963d43c6a4ef4552cac94'}, 'oracle': {'source': 'none', 'task_id': 'V-20', 'revision': 0, 'ref': '8ceb20eb1fa96acb847963d43c6a4ef4552cac94', 'hash': '', 'status': 'not_required'}, 'mapped_files': [], 'target_recheck': {'expect"
2026-09-17T06:56:41.491720+00:00,mcp__orchestra__merge_worker,"{'schema_version': 1, 'operation_id': '7581fae7-0bd2-42ce-b62b-21e0950b8b2c', 'operation_state': 'PENDING', 'retryable': True, 'commit_point': 'NOT_REACHED', 'git': {'status': 'NOT_STARTED', 'target_branch': 'main', 'target_before': None, 'target_after': None, 'worker_branch': 'task-V-21/balatro-vps', 'worker_head': '9c07debf457219db9dc038c4732ec2f2c5a64268', 'conflicts': []}, 'task_links': {'status': 'NOT_RUN', 'items': {}}, 'rag': {'status': 'NOT_RUN'}, 'lifecycle': {'status': 'NOT_RUN'}, 'next_task': {'status': 'NOT_REQUESTED'}, 'error': None, 'warnings': [], 'next_action': {'code': 'CHECK_SAME_OPERATION', 'message': 'Check operation 7581fae7-0bd2-42ce-b62b-21e0950b8b2c; do not merge manually.'}, 'admission': {'target': {'branch': 'main', 'sha': 'b9cea88e468e3902c21ec0195bff228d8764db3e'}, 'oracle': {'source': 'none', 'task_id': 'V-21', 'revision': 0, 'ref': 'b9cea88e468e3902c21ec0195bff228d8764db3e', 'hash': '', 'status': 'not_required'}, 'mapped_files': [], 'target_recheck': {'exp"
2026-09-17T07:06:02.056129+00:00,mcp__orchestra__merge_worker,"{'schema_version': 1, 'operation_id': 'b0bcc206-1009-450a-b430-a95cdc8d2348', 'operation_state': 'PENDING', 'retryable': True, 'commit_point': 'NOT_REACHED', 'git': {'status': 'NOT_STARTED', 'target_branch': 'main', 'target_before': None, 'target_after': None, 'worker_branch': 'task-V-23/autobattler', 'worker_head': 'b3fdf035d6573a67b154f52afa665a4ad6a99550', 'conflicts': []}, 'task_links': {'status': 'NOT_RUN', 'items': {}}, 'rag': {'status': 'NOT_RUN'}, 'lifecycle': {'status': 'NOT_RUN'}, 'next_task': {'status': 'NOT_REQUESTED'}, 'error': None, 'warnings': [], 'next_action': {'code': 'CHECK_SAME_OPERATION', 'message': 'Check operation b0bcc206-1009-450a-b430-a95cdc8d2348; do not merge manually.'}, 'admission': {'target': {'branch': 'main', 'sha': '1af3a95cb845ecd3949aecaa29029b020679d6b1'}, 'oracle': {'source': 'none', 'task_id': 'V-23', 'revision': 0, 'ref': '1af3a95cb845ecd3949aecaa29029b020679d6b1', 'hash': '', 'status': 'not_required'}, 'mapped_files': [], 'target_recheck': {'exp"
2026-09-17T07:08:32.291488+00:00,mcp__orchestra__merge_worker,"{'schema_version': 1, 'operation_id': '7f56680a-914b-4e31-a4f3-bc8798618247', 'operation_state': 'PENDING', 'retryable': True, 'commit_point': 'NOT_REACHED', 'git': {'status': 'NOT_STARTED', 'target_branch': 'main', 'target_before': None, 'target_after': None, 'worker_branch': 'task-V-23/autobattler', 'worker_head': '0c07208af435659bbbae66a1531c238783317598', 'conflicts': []}, 'task_links': {'status': 'NOT_RUN', 'items': {}}, 'rag': {'status': 'NOT_RUN'}, 'lifecycle': {'status': 'NOT_RUN'}, 'next_task': {'status': 'NOT_REQUESTED'}, 'error': None, 'warnings': [], 'next_action': {'code': 'CHECK_SAME_OPERATION', 'message': 'Check operation 7f56680a-914b-4e31-a4f3-bc8798618247; do not merge manually.'}, 'admission': {'target': {'branch': 'main', 'sha': '1af3a95cb845ecd3949aecaa29029b020679d6b1'}, 'oracle': {'source': 'none', 'task_id': 'V-23', 'revision': 0, 'ref': '1af3a95cb845ecd3949aecaa29029b020679d6b1', 'hash': '', 'status': 'not_required'}, 'mapped_files': [], 'target_recheck': {'exp"
2026-09-17T07:19:05.026889+00:00,mcp__orchestra__merge_worker,"{'schema_version': 1, 'operation_id': '23f60b85-9ba0-42ec-a487-01a6c15a7528', 'operation_state': 'PENDING', 'retryable': True, 'commit_point': 'NOT_REACHED', 'git': {'status': 'NOT_STARTED', 'target_branch': 'main', 'target_before': None, 'target_after': None, 'worker_branch': 'task-V-582/fix-harness-routes', 'worker_head': '73802a586d3eb27078ce80b04fb8b3214ee831a5', 'conflicts': []}, 'task_links': {'status': 'NOT_RUN', 'items': {}}, 'rag': {'status': 'NOT_RUN'}, 'lifecycle': {'status': 'NOT_RUN'}, 'next_task': {'status': 'NOT_REQUESTED'}, 'error': None, 'warnings': [], 'next_action': {'code': 'CHECK_SAME_OPERATION', 'message': 'Check operation 23f60b85-9ba0-42ec-a487-01a6c15a7528; do not merge manually.'}, 'admission': {'target': {'branch': 'main', 'sha': 'dd31dfbc7d19843659a9a2fccd9d358cd2cb56b5'}, 'oracle': {'source': 'none', 'task_id': 'V-582', 'revision': 0, 'ref': 'dd31dfbc7d19843659a9a2fccd9d358cd2cb56b5', 'hash': '', 'status': 'not_required'}, 'mapped_files': [], 'target_rechec"
2026-09-17T08:31:00.560304+00:00,mcp__orchestra__merge_worker,"{'schema_version': 1, 'operation_id': '5cb26b6e-1cf1-4cea-abd0-178781f67ca0', 'operation_state': 'PENDING', 'retryable': True, 'commit_point': 'NOT_REACHED', 'git': {'status': 'NOT_STARTED', 'target_branch': 'main', 'target_before': None, 'target_after': None, 'worker_branch': 'task-V-584/i18n-dashboard', 'worker_head': 'a4c0246a14d7e90712dc649f325b81377c8858af', 'conflicts': []}, 'task_links': {'status': 'NOT_RUN', 'items': {}}, 'rag': {'status': 'NOT_RUN'}, 'lifecycle': {'status': 'NOT_RUN'}, 'next_task': {'status': 'NOT_REQUESTED'}, 'error': None, 'warnings': [], 'next_action': {'code': 'CHECK_SAME_OPERATION', 'message': 'Check operation 5cb26b6e-1cf1-4cea-abd0-178781f67ca0; do not merge manually.'}, 'admission': {'target': {'branch': 'main', 'sha': 'a8d2e20ad49d3f107717055567afe824970f457d'}, 'oracle': {'source': 'none', 'task_id': 'V-584', 'revision': 0, 'ref': 'a8d2e20ad49d3f107717055567afe824970f457d', 'hash': '', 'status': 'not_required'}, 'mapped_files': [], 'target_recheck': "
2026-09-17T08:31:58.667346+00:00,mcp__orchestra__merge_worker,"{'schema_version': 1, 'operation_id': 'a4eb2b7e-daca-4908-a3f9-48fd092a807b', 'operation_state': 'PENDING', 'retryable': True, 'commit_point': 'NOT_REACHED', 'git': {'status': 'NOT_STARTED', 'target_branch': 'main', 'target_before': None, 'target_after': None, 'worker_branch': 'task-V-584/i18n-dashboard', 'worker_head': 'a4c0246a14d7e90712dc649f325b81377c8858af', 'conflicts': []}, 'task_links': {'status': 'NOT_RUN', 'items': {}}, 'rag': {'status': 'NOT_RUN'}, 'lifecycle': {'status': 'NOT_RUN'}, 'next_task': {'status': 'NOT_REQUESTED'}, 'error': None, 'warnings': [], 'next_action': {'code': 'CHECK_SAME_OPERATION', 'message': 'Check operation a4eb2b7e-daca-4908-a3f9-48fd092a807b; do not merge manually.'}, 'admission': {'target': {'branch': 'main', 'sha': 'a8d2e20ad49d3f107717055567afe824970f457d'}, 'oracle': {'source': 'none', 'task_id': 'V-584', 'revision': 0, 'ref': 'a8d2e20ad49d3f107717055567afe824970f457d', 'hash': '', 'status': 'not_required'}, 'mapped_files': [], 'target_recheck': "
2026-09-17T13:21:07.696602+00:00,mcp__orchestra__merge_worker,"{'schema_version': 1, 'operation_id': '0355dd00-a2c3-451e-b907-d1ae40df43af', 'operation_state': 'PENDING', 'retryable': True, 'commit_point': 'NOT_REACHED', 'git': {'status': 'NOT_STARTED', 'target_branch': 'main', 'target_before': None, 'target_after': None, 'worker_branch': 'task-V-587/probe-free-worker', 'worker_head': 'b6f4d30d3df4195e0c8302a7009b0a1ffd820139', 'conflicts': []}, 'task_links': {'status': 'NOT_RUN', 'items': {}}, 'rag': {'status': 'NOT_RUN'}, 'lifecycle': {'status': 'NOT_RUN'}, 'next_task': {'status': 'NOT_REQUESTED'}, 'error': None, 'warnings': [], 'next_action': {'code': 'CHECK_SAME_OPERATION', 'message': 'Check operation 0355dd00-a2c3-451e-b907-d1ae40df43af; do not merge manually.'}, 'admission': {'target': {'branch': 'main', 'sha': '20036a8654a66a4021528de9f96770828f0f9969'}, 'oracle': {'source': 'none', 'task_id': 'V-587', 'revision': 0, 'ref': '20036a8654a66a4021528de9f96770828f0f9969', 'hash': '', 'status': 'not_required'}, 'mapped_files': [], 'target_recheck"
2026-09-17T14:03:23.137553+00:00,mcp__orchestra__merge_worker,"{'schema_version': 1, 'operation_id': '394c1a93-cd92-48e9-aabc-8e8215f3a260', 'operation_state': 'PENDING', 'retryable': True, 'commit_point': 'NOT_REACHED', 'git': {'status': 'NOT_STARTED', 'target_branch': 'main', 'target_before': None, 'target_after': None, 'worker_branch': 'task-V-591/en-templates', 'worker_head': '58d5acd4de1a6f90fb075b92322593bb0d586ae2', 'conflicts': []}, 'task_links': {'status': 'NOT_RUN', 'items': {}}, 'rag': {'status': 'NOT_RUN'}, 'lifecycle': {'status': 'NOT_RUN'}, 'next_task': {'status': 'NOT_REQUESTED'}, 'error': None, 'warnings': [], 'next_action': {'code': 'CHECK_SAME_OPERATION', 'message': 'Check operation 394c1a93-cd92-48e9-aabc-8e8215f3a260; do not merge manually.'}, 'admission': {'target': {'branch': 'main', 'sha': 'd7d1badabf87a3dd2fc939195d858e73e2fff913'}, 'oracle': {'source': 'none', 'task_id': 'V-591', 'revision': 0, 'ref': 'd7d1badabf87a3dd2fc939195d858e73e2fff913', 'hash': '', 'status': 'not_required'}, 'mapped_files': [], 'target_recheck': {'"
2026-09-17T14:03:44.798940+00:00,mcp__orchestra__merge_worker,"{'schema_version': 1, 'operation_id': '4aad47c0-fbc0-411d-a2b5-c988fbe49ae3', 'operation_state': 'PENDING', 'retryable': True, 'commit_point': 'NOT_REACHED', 'git': {'status': 'NOT_STARTED', 'target_branch': 'main', 'target_before': None, 'target_after': None, 'worker_branch': 'task-V-591/en-templates', 'worker_head': '58d5acd4de1a6f90fb075b92322593bb0d586ae2', 'conflicts': []}, 'task_links': {'status': 'NOT_RUN', 'items': {}}, 'rag': {'status': 'NOT_RUN'}, 'lifecycle': {'status': 'NOT_RUN'}, 'next_task': {'status': 'NOT_REQUESTED'}, 'error': None, 'warnings': [], 'next_action': {'code': 'CHECK_SAME_OPERATION', 'message': 'Check operation 4aad47c0-fbc0-411d-a2b5-c988fbe49ae3; do not merge manually.'}, 'admission': {'target': {'branch': 'main', 'sha': 'd7d1badabf87a3dd2fc939195d858e73e2fff913'}, 'oracle': {'source': 'none', 'task_id': 'V-591', 'revision': 0, 'ref': 'd7d1badabf87a3dd2fc939195d858e73e2fff913', 'hash': '', 'status': 'not_required'}, 'mapped_files': [], 'target_recheck': {'"
2026-09-17T14:43:24.763679+00:00,mcp__orchestra__merge_worker,"{'schema_version': 1, 'operation_id': '9c14aa90-3018-4df5-b1f6-4109b21b502e', 'operation_state': 'PENDING', 'retryable': True, 'commit_point': 'NOT_REACHED', 'git': {'status': 'NOT_STARTED', 'target_branch': 'main', 'target_before': None, 'target_after': None, 'worker_branch': 'task-V-588/en-app', 'worker_head': 'bbaf8af155840bc8bf0028bddeaf20535de16315', 'conflicts': []}, 'task_links': {'status': 'NOT_RUN', 'items': {}}, 'rag': {'status': 'NOT_RUN'}, 'lifecycle': {'status': 'NOT_RUN'}, 'next_task': {'status': 'NOT_REQUESTED'}, 'error': None, 'warnings': [], 'next_action': {'code': 'CHECK_SAME_OPERATION', 'message': 'Check operation 9c14aa90-3018-4df5-b1f6-4109b21b502e; do not merge manually.'}, 'admission': {'target': {'branch': 'main', 'sha': '75cd5bec4d300ca1d88a9cea1702bb8fb6fbd5df'}, 'oracle': {'source': 'none', 'task_id': 'V-588', 'revision': 0, 'ref': '75cd5bec4d300ca1d88a9cea1702bb8fb6fbd5df', 'hash': '', 'status': 'not_required'}, 'mapped_files': [], 'target_recheck': {'expect"
2026-09-17T14:56:53.937106+00:00,mcp__orchestra__merge_worker,"{'schema_version': 1, 'operation_id': '767dbc55-5ab0-4ff6-a510-e1590d469459', 'operation_state': 'PENDING', 'retryable': True, 'commit_point': 'NOT_REACHED', 'git': {'status': 'NOT_STARTED', 'target_branch': 'main', 'target_before': None, 'target_after': None, 'worker_branch': 'task-V-589/en-widgets', 'worker_head': '3447460ff5469923aff78e5e22136b3f4bcbcb46', 'conflicts': []}, 'task_links': {'status': 'NOT_RUN', 'items': {}}, 'rag': {'status': 'NOT_RUN'}, 'lifecycle': {'status': 'NOT_RUN'}, 'next_task': {'status': 'NOT_REQUESTED'}, 'error': None, 'warnings': [], 'next_action': {'code': 'CHECK_SAME_OPERATION', 'message': 'Check operation 767dbc55-5ab0-4ff6-a510-e1590d469459; do not merge manually.'}, 'admission': {'target': {'branch': 'main', 'sha': '75cd5bec4d300ca1d88a9cea1702bb8fb6fbd5df'}, 'oracle': {'source': 'none', 'task_id': 'V-589', 'revision': 0, 'ref': '75cd5bec4d300ca1d88a9cea1702bb8fb6fbd5df', 'hash': '', 'status': 'not_required'}, 'mapped_files': [], 'target_recheck': {'ex"
2026-09-17T15:23:13.307748+00:00,mcp__orchestra__merge_worker,"{'schema_version': 1, 'operation_id': '3cfe472b-575e-475a-9cd0-23394310f92a', 'operation_state': 'PENDING', 'retryable': True, 'commit_point': 'NOT_REACHED', 'git': {'status': 'NOT_STARTED', 'target_branch': 'main', 'target_before': None, 'target_after': None, 'worker_branch': 'task-V-587/probe-free-worker', 'worker_head': '203f00698e4a2fa9967f29b6a59e265f63229aa2', 'conflicts': []}, 'task_links': {'status': 'NOT_RUN', 'items': {}}, 'rag': {'status': 'NOT_RUN'}, 'lifecycle': {'status': 'NOT_RUN'}, 'next_task': {'status': 'NOT_REQUESTED'}, 'error': None, 'warnings': [], 'next_action': {'code': 'CHECK_SAME_OPERATION', 'message': 'Check operation 3cfe472b-575e-475a-9cd0-23394310f92a; do not merge manually.'}, 'admission': {'target': {'branch': 'main', 'sha': 'd72bf45cad372cd59815c65edd9cea9c66d32890'}, 'oracle': {'source': 'none', 'task_id': 'V-587', 'revision': 0, 'ref': 'd72bf45cad372cd59815c65edd9cea9c66d32890', 'hash': '', 'status': 'not_required'}, 'mapped_files': [], 'target_recheck"
2026-09-17T15:40:44.235311+00:00,mcp__orchestra__merge_worker,"{'schema_version': 1, 'operation_id': 'd8cf8e55-68df-497d-b85a-ca9c692da4f1', 'operation_state': 'PENDING', 'retryable': True, 'commit_point': 'NOT_REACHED', 'git': {'status': 'NOT_STARTED', 'target_branch': 'main', 'target_before': None, 'target_after': None, 'worker_branch': 'task-V-588/en-app', 'worker_head': 'eccc988c03a4b9939c43e6717915b95a5a52fabe', 'conflicts': []}, 'task_links': {'status': 'NOT_RUN', 'items': {}}, 'rag': {'status': 'NOT_RUN'}, 'lifecycle': {'status': 'NOT_RUN'}, 'next_task': {'status': 'NOT_REQUESTED'}, 'error': None, 'warnings': [], 'next_action': {'code': 'CHECK_SAME_OPERATION', 'message': 'Check operation d8cf8e55-68df-497d-b85a-ca9c692da4f1; do not merge manually.'}, 'admission': {'target': {'branch': 'main', 'sha': 'ddfde793a49994a2ed092e7ce5968c74d9e73814'}, 'oracle': {'source': 'none', 'task_id': 'V-588', 'revision': 0, 'ref': 'ddfde793a49994a2ed092e7ce5968c74d9e73814', 'hash': '', 'status': 'not_required'}, 'mapped_files': [], 'target_recheck': {'expect"
2026-09-17T15:41:24.968124+00:00,mcp__orchestra__merge_worker,"{'schema_version': 1, 'operation_id': '9896f4bc-3c7e-473a-aad4-f543e1eebf4a', 'operation_state': 'PENDING', 'retryable': True, 'commit_point': 'NOT_REACHED', 'git': {'status': 'NOT_STARTED', 'target_branch': 'main', 'target_before': None, 'target_after': None, 'worker_branch': 'task-V-590/en-analytics', 'worker_head': 'e64ae1e5e92a43e9bbb373d773760289ba4296ea', 'conflicts': []}, 'task_links': {'status': 'NOT_RUN', 'items': {}}, 'rag': {'status': 'NOT_RUN'}, 'lifecycle': {'status': 'NOT_RUN'}, 'next_task': {'status': 'NOT_REQUESTED'}, 'error': None, 'warnings': [], 'next_action': {'code': 'CHECK_SAME_OPERATION', 'message': 'Check operation 9896f4bc-3c7e-473a-aad4-f543e1eebf4a; do not merge manually.'}, 'admission': {'target': {'branch': 'main', 'sha': '780f7197c50abaa60e1fc19b5a72573c96355892'}, 'oracle': {'source': 'none', 'task_id': 'V-590', 'revision': 0, 'ref': '780f7197c50abaa60e1fc19b5a72573c96355892', 'hash': '', 'status': 'not_required'}, 'mapped_files': [], 'target_recheck': {'"
2026-09-17T22:53:11.146775+00:00,mcp__orchestra__merge_worker,"{'schema_version': 1, 'operation_id': '2bf2dcad-be6f-4af1-819a-5c7bbd681e2e', 'operation_state': 'PENDING', 'retryable': True, 'commit_point': 'NOT_REACHED', 'git': {'status': 'NOT_STARTED', 'target_branch': 'main', 'target_before': None, 'target_after': None, 'worker_branch': 'adhoc-1789628453-2/balatro-vps', 'worker_head': '5f94ed70444b3c8414aefaf4aefed33e70536d2d', 'conflicts': []}, 'task_links': {'status': 'NOT_RUN', 'items': {}}, 'rag': {'status': 'NOT_RUN'}, 'lifecycle': {'status': 'NOT_RUN'}, 'next_task': {'status': 'NOT_REQUESTED'}, 'error': None, 'warnings': [], 'next_action': {'code': 'CHECK_SAME_OPERATION', 'message': 'Check operation 2bf2dcad-be6f-4af1-819a-5c7bbd681e2e; do not merge manually.'}, 'admission': {'target': {'branch': 'main', 'sha': '2f3d209de0011e323f1c869aad211f7ab65fecee'}, 'oracle': {'source': 'none', 'task_id': '', 'revision': 0, 'ref': '2f3d209de0011e323f1c869aad211f7ab65fecee', 'hash': '', 'status': 'not_required'}, 'mapped_files': [], 'target_recheck': "
2026-09-17T22:54:26.048312+00:00,mcp__orchestra__merge_worker,"{'schema_version': 1, 'operation_id': '3569613e-4ae6-4e88-8a30-417ffafede04', 'operation_state': 'PENDING', 'retryable': True, 'commit_point': 'NOT_REACHED', 'git': {'status': 'NOT_STARTED', 'target_branch': 'main', 'target_before': None, 'target_after': None, 'worker_branch': 'task-V-24/balatro-vps', 'worker_head': '5f94ed70444b3c8414aefaf4aefed33e70536d2d', 'conflicts': []}, 'task_links': {'status': 'NOT_RUN', 'items': {}}, 'rag': {'status': 'NOT_RUN'}, 'lifecycle': {'status': 'NOT_RUN'}, 'next_task': {'status': 'NOT_REQUESTED'}, 'error': None, 'warnings': [], 'next_action': {'code': 'CHECK_SAME_OPERATION', 'message': 'Check operation 3569613e-4ae6-4e88-8a30-417ffafede04; do not merge manually.'}, 'admission': {'target': {'branch': 'main', 'sha': '2f3d209de0011e323f1c869aad211f7ab65fecee'}, 'oracle': {'source': 'none', 'task_id': 'V-24', 'revision': 0, 'ref': '2f3d209de0011e323f1c869aad211f7ab65fecee', 'hash': '', 'status': 'not_required'}, 'mapped_files': [], 'target_recheck': {'exp"
2026-09-17T22:54:49.307118+00:00,mcp__orchestra__merge_worker,"{'schema_version': 1, 'operation_id': '32979292-8d28-4474-b404-7f1383f6ecd6', 'operation_state': 'PENDING', 'retryable': True, 'commit_point': 'NOT_REACHED', 'git': {'status': 'NOT_STARTED', 'target_branch': 'main', 'target_before': None, 'target_after': None, 'worker_branch': 'task-V-24/balatro-vps', 'worker_head': '5f94ed70444b3c8414aefaf4aefed33e70536d2d', 'conflicts': []}, 'task_links': {'status': 'NOT_RUN', 'items': {}}, 'rag': {'status': 'NOT_RUN'}, 'lifecycle': {'status': 'NOT_RUN'}, 'next_task': {'status': 'NOT_REQUESTED'}, 'error': None, 'warnings': [], 'next_action': {'code': 'CHECK_SAME_OPERATION', 'message': 'Check operation 32979292-8d28-4474-b404-7f1383f6ecd6; do not merge manually.'}, 'admission': {'target': {'branch': 'main', 'sha': '397dc79d84e569b217746eefc4e02446cb24bc79'}, 'oracle': {'source': 'none', 'task_id': 'V-24', 'revision': 0, 'ref': '397dc79d84e569b217746eefc4e02446cb24bc79', 'hash': '', 'status': 'not_required'}, 'mapped_files': [], 'target_recheck': {'exp"
2026-09-18T03:37:55.457188+00:00,mcp__orchestra__merge_worker,"{'schema_version': 1, 'operation_id': '4c7f7986-4222-4de1-9b16-3995a2bbf014', 'operation_state': 'PENDING', 'retryable': True, 'commit_point': 'NOT_REACHED', 'git': {'status': 'NOT_STARTED', 'target_branch': 'main', 'target_before': None, 'target_after': None, 'worker_branch': 'adhoc-1789634653-3/autobattler', 'worker_head': '57865956cfd2bc72df949d487f09ceee81c8cb30', 'conflicts': []}, 'task_links': {'status': 'NOT_RUN', 'items': {}}, 'rag': {'status': 'NOT_RUN'}, 'lifecycle': {'status': 'NOT_RUN'}, 'next_task': {'status': 'NOT_REQUESTED'}, 'error': None, 'warnings': [], 'next_action': {'code': 'CHECK_SAME_OPERATION', 'message': 'Check operation 4c7f7986-4222-4de1-9b16-3995a2bbf014; do not merge manually.'}, 'admission': {'target': {'branch': 'main', 'sha': 'bdbb93c7dc4cf8415987e9392a678ced36de75f0'}, 'oracle': {'source': 'none', 'task_id': '', 'revision': 0, 'ref': 'bdbb93c7dc4cf8415987e9392a678ced36de75f0', 'hash': '', 'status': 'not_required'}, 'mapped_files': [], 'target_recheck': "
2026-09-18T03:38:13.998103+00:00,mcp__orchestra__merge_worker,"{'schema_version': 1, 'operation_id': '2624d2d6-9e8f-4a6b-9a7a-2125708e7012', 'operation_state': 'PENDING', 'retryable': True, 'commit_point': 'NOT_REACHED', 'git': {'status': 'NOT_STARTED', 'target_branch': 'main', 'target_before': None, 'target_after': None, 'worker_branch': 'task-V-26/autobattler', 'worker_head': '57865956cfd2bc72df949d487f09ceee81c8cb30', 'conflicts': []}, 'task_links': {'status': 'NOT_RUN', 'items': {}}, 'rag': {'status': 'NOT_RUN'}, 'lifecycle': {'status': 'NOT_RUN'}, 'next_task': {'status': 'NOT_REQUESTED'}, 'error': None, 'warnings': [], 'next_action': {'code': 'CHECK_SAME_OPERATION', 'message': 'Check operation 2624d2d6-9e8f-4a6b-9a7a-2125708e7012; do not merge manually.'}, 'admission': {'target': {'branch': 'main', 'sha': 'bdbb93c7dc4cf8415987e9392a678ced36de75f0'}, 'oracle': {'source': 'none', 'task_id': 'V-26', 'revision': 0, 'ref': 'bdbb93c7dc4cf8415987e9392a678ced36de75f0', 'hash': '', 'status': 'not_required'}, 'mapped_files': [], 'target_recheck': {'exp"
2026-09-19T09:56:23.097926+00:00,mcp__orchestra__merge_worker,"{'schema_version': 1, 'operation_id': 'e137be68-17f2-4971-834f-a3cb6d88ba1b', 'operation_state': 'PENDING', 'retryable': True, 'commit_point': 'NOT_REACHED', 'git': {'status': 'NOT_STARTED', 'target_branch': 'main', 'target_before': None, 'target_after': None, 'worker_branch': 'task-V-27/tz-review-1', 'worker_head': 'b357916301edc839bec17cb2e18388078765885c', 'conflicts': []}, 'task_links': {'status': 'NOT_RUN', 'items': {}}, 'rag': {'status': 'NOT_RUN'}, 'lifecycle': {'status': 'NOT_RUN'}, 'next_task': {'status': 'NOT_REQUESTED'}, 'error': None, 'warnings': [], 'next_action': {'code': 'CHECK_SAME_OPERATION', 'message': 'Check operation e137be68-17f2-4971-834f-a3cb6d88ba1b; do not merge manually.'}, 'admission': {'target': {'branch': 'main', 'sha': 'fece5b48312dabe106d784164d3de9b786eb955f'}, 'oracle': {'source': 'none', 'task_id': 'V-27', 'revision': 0, 'ref': 'fece5b48312dabe106d784164d3de9b786eb955f', 'hash': '', 'status': 'not_required'}, 'mapped_files': [], 'target_recheck': {'exp"
2026-09-19T09:58:36.782085+00:00,mcp__orchestra__merge_worker,"{'schema_version': 1, 'operation_id': 'f8fc556f-3ebe-4e8e-bc64-447c8ccee29f', 'operation_state': 'PENDING', 'retryable': True, 'commit_point': 'NOT_REACHED', 'git': {'status': 'NOT_STARTED', 'target_branch': 'main', 'target_before': None, 'target_after': None, 'worker_branch': 'task-V-28/tz-review-2', 'worker_head': 'f5c454a20f755954c6af7d633f6cc2d55688a16b', 'conflicts': []}, 'task_links': {'status': 'NOT_RUN', 'items': {}}, 'rag': {'status': 'NOT_RUN'}, 'lifecycle': {'status': 'NOT_RUN'}, 'next_task': {'status': 'NOT_REQUESTED'}, 'error': None, 'warnings': [], 'next_action': {'code': 'CHECK_SAME_OPERATION', 'message': 'Check operation f8fc556f-3ebe-4e8e-bc64-447c8ccee29f; do not merge manually.'}, 'admission': {'target': {'branch': 'main', 'sha': 'f58646e4eaaaf308460d573d84f922b79addf2d9'}, 'oracle': {'source': 'none', 'task_id': 'V-28', 'revision': 0, 'ref': 'f58646e4eaaaf308460d573d84f922b79addf2d9', 'hash': '', 'status': 'not_required'}, 'mapped_files': [], 'target_recheck': {'exp"
2026-09-19T10:41:39.741716+00:00,mcp__orchestra__merge_worker,"{'schema_version': 1, 'operation_id': '2f4c718b-2e60-4949-a0e7-9d13b18a0e8e', 'operation_state': 'PENDING', 'retryable': True, 'commit_point': 'NOT_REACHED', 'git': {'status': 'NOT_STARTED', 'target_branch': 'main', 'target_before': None, 'target_after': None, 'worker_branch': 'adhoc-1789813143-1/bizdev', 'worker_head': '50a169018e38f849b198eab07bc5801cee5e0d1c', 'conflicts': []}, 'task_links': {'status': 'NOT_RUN', 'items': {}}, 'rag': {'status': 'NOT_RUN'}, 'lifecycle': {'status': 'NOT_RUN'}, 'next_task': {'status': 'NOT_REQUESTED'}, 'error': None, 'warnings': [], 'next_action': {'code': 'CHECK_SAME_OPERATION', 'message': 'Check operation 2f4c718b-2e60-4949-a0e7-9d13b18a0e8e; do not merge manually.'}, 'admission': {'target': {'branch': 'main', 'sha': 'baf3327943f0ff02403ff523bb4c87e47ab6b10a'}, 'oracle': {'source': 'none', 'task_id': '', 'revision': 0, 'ref': 'baf3327943f0ff02403ff523bb4c87e47ab6b10a', 'hash': '', 'status': 'not_required'}, 'mapped_files': [], 'target_recheck': {'exp"
2026-09-19T10:42:05.236739+00:00,mcp__orchestra__merge_worker,"{'schema_version': 1, 'operation_id': '01f5882f-6d0e-4151-b83c-c73ef8315b11', 'operation_state': 'PENDING', 'retryable': True, 'commit_point': 'NOT_REACHED', 'git': {'status': 'NOT_STARTED', 'target_branch': 'main', 'target_before': None, 'target_after': None, 'worker_branch': 'adhoc-1789813143-1/bizdev', 'worker_head': '50a169018e38f849b198eab07bc5801cee5e0d1c', 'conflicts': []}, 'task_links': {'status': 'NOT_RUN', 'items': {}}, 'rag': {'status': 'NOT_RUN'}, 'lifecycle': {'status': 'NOT_RUN'}, 'next_task': {'status': 'NOT_REQUESTED'}, 'error': None, 'warnings': [], 'next_action': {'code': 'CHECK_SAME_OPERATION', 'message': 'Check operation 01f5882f-6d0e-4151-b83c-c73ef8315b11; do not merge manually.'}, 'admission': {'target': {'branch': 'main', 'sha': 'baf3327943f0ff02403ff523bb4c87e47ab6b10a'}, 'oracle': {'source': 'none', 'task_id': '', 'revision': 0, 'ref': 'baf3327943f0ff02403ff523bb4c87e47ab6b10a', 'hash': '', 'status': 'not_required'}, 'mapped_files': [], 'target_recheck': {'exp"
2026-09-19T10:42:37.827368+00:00,mcp__orchestra__merge_worker,"{'schema_version': 1, 'operation_id': '32c013a7-b672-4712-9adc-971ac183c585', 'operation_state': 'PENDING', 'retryable': True, 'commit_point': 'NOT_REACHED', 'git': {'status': 'NOT_STARTED', 'target_branch': 'main', 'target_before': None, 'target_after': None, 'worker_branch': 'task-V-29/bizdev', 'worker_head': '50a169018e38f849b198eab07bc5801cee5e0d1c', 'conflicts': []}, 'task_links': {'status': 'NOT_RUN', 'items': {}}, 'rag': {'status': 'NOT_RUN'}, 'lifecycle': {'status': 'NOT_RUN'}, 'next_task': {'status': 'NOT_REQUESTED'}, 'error': None, 'warnings': [], 'next_action': {'code': 'CHECK_SAME_OPERATION', 'message': 'Check operation 32c013a7-b672-4712-9adc-971ac183c585; do not merge manually.'}, 'admission': {'target': {'branch': 'main', 'sha': 'baf3327943f0ff02403ff523bb4c87e47ab6b10a'}, 'oracle': {'source': 'none', 'task_id': 'V-29', 'revision': 0, 'ref': 'baf3327943f0ff02403ff523bb4c87e47ab6b10a', 'hash': '', 'status': 'not_required'}, 'mapped_files': [], 'target_recheck': {'expected"
2026-09-19T11:33:58.163414+00:00,mcp__orchestra__merge_worker,"{'schema_version': 1, 'operation_id': 'a08bcec7-4a45-41ec-94e8-50cab1a7a050', 'operation_state': 'PENDING', 'retryable': True, 'commit_point': 'NOT_REACHED', 'git': {'status': 'NOT_STARTED', 'target_branch': 'main', 'target_before': None, 'target_after': None, 'worker_branch': 'task-V-32/research-objections', 'worker_head': '2d50e712abafe48b1120ddd8ba51678efc1b615b', 'conflicts': []}, 'task_links': {'status': 'NOT_RUN', 'items': {}}, 'rag': {'status': 'NOT_RUN'}, 'lifecycle': {'status': 'NOT_RUN'}, 'next_task': {'status': 'NOT_REQUESTED'}, 'error': None, 'warnings': [], 'next_action': {'code': 'CHECK_SAME_OPERATION', 'message': 'Check operation a08bcec7-4a45-41ec-94e8-50cab1a7a050; do not merge manually.'}, 'admission': {'target': {'branch': 'main', 'sha': 'b0f820d5ad6786fbe822c4c8bc0a79cb6034a3b3'}, 'oracle': {'source': 'none', 'task_id': 'V-32', 'revision': 0, 'ref': 'b0f820d5ad6786fbe822c4c8bc0a79cb6034a3b3', 'hash': '', 'status': 'not_required'}, 'mapped_files': [], 'target_recheck"
2026-09-19T11:34:18.090067+00:00,mcp__orchestra__merge_worker,"{'schema_version': 1, 'operation_id': '236e2cd6-f079-43d4-998e-f9455bd04959', 'operation_state': 'PENDING', 'retryable': True, 'commit_point': 'NOT_REACHED', 'git': {'status': 'NOT_STARTED', 'target_branch': 'main', 'target_before': None, 'target_after': None, 'worker_branch': 'task-V-32/research-objections', 'worker_head': '2d50e712abafe48b1120ddd8ba51678efc1b615b', 'conflicts': []}, 'task_links': {'status': 'NOT_RUN', 'items': {}}, 'rag': {'status': 'NOT_RUN'}, 'lifecycle': {'status': 'NOT_RUN'}, 'next_task': {'status': 'NOT_REQUESTED'}, 'error': None, 'warnings': [], 'next_action': {'code': 'CHECK_SAME_OPERATION', 'message': 'Check operation 236e2cd6-f079-43d4-998e-f9455bd04959; do not merge manually.'}, 'admission': {'target': {'branch': 'main', 'sha': 'b0f820d5ad6786fbe822c4c8bc0a79cb6034a3b3'}, 'oracle': {'source': 'none', 'task_id': 'V-32', 'revision': 0, 'ref': 'b0f820d5ad6786fbe822c4c8bc0a79cb6034a3b3', 'hash': '', 'status': 'not_required'}, 'mapped_files': [], 'target_recheck"
2026-09-19T11:35:56.614588+00:00,mcp__orchestra__merge_worker,"{'schema_version': 1, 'operation_id': 'cec56c46-6802-452f-9a1a-bf8b34ce023a', 'operation_state': 'PENDING', 'retryable': True, 'commit_point': 'NOT_REACHED', 'git': {'status': 'NOT_STARTED', 'target_branch': 'main', 'target_before': None, 'target_after': None, 'worker_branch': 'task-V-31/research-competitors', 'worker_head': '56c1e2ca8a2c5002d58603996fc19cac0e98f5f0', 'conflicts': []}, 'task_links': {'status': 'NOT_RUN', 'items': {}}, 'rag': {'status': 'NOT_RUN'}, 'lifecycle': {'status': 'NOT_RUN'}, 'next_task': {'status': 'NOT_REQUESTED'}, 'error': None, 'warnings': [], 'next_action': {'code': 'CHECK_SAME_OPERATION', 'message': 'Check operation cec56c46-6802-452f-9a1a-bf8b34ce023a; do not merge manually.'}, 'admission': {'target': {'branch': 'main', 'sha': 'ca8935052f222c78997180a73acc9931613714d8'}, 'oracle': {'source': 'none', 'task_id': 'V-31', 'revision': 0, 'ref': 'ca8935052f222c78997180a73acc9931613714d8', 'hash': '', 'status': 'not_required'}, 'mapped_files': [], 'target_rechec"
2026-09-19T14:44:43.318679+00:00,mcp__orchestra__merge_worker,"{'schema_version': 1, 'operation_id': '8f8445c2-fcaf-40ef-931c-9044ba23fff3', 'operation_state': 'PENDING', 'retryable': True, 'commit_point': 'NOT_REACHED', 'git': {'status': 'NOT_STARTED', 'target_branch': 'main', 'target_before': None, 'target_after': None, 'worker_branch': 'task-V-25/balatro-vps', 'worker_head': '05ff662f6cf6e10a9f2fe26864b479feefad48f4', 'conflicts': []}, 'task_links': {'status': 'NOT_RUN', 'items': {}}, 'rag': {'status': 'NOT_RUN'}, 'lifecycle': {'status': 'NOT_RUN'}, 'next_task': {'status': 'NOT_REQUESTED'}, 'error': None, 'warnings': [], 'next_action': {'code': 'CHECK_SAME_OPERATION', 'message': 'Check operation 8f8445c2-fcaf-40ef-931c-9044ba23fff3; do not merge manually.'}, 'admission': {'target': {'branch': 'main', 'sha': 'ace029a0fe1600ff692374b23edef6a1886bef46'}, 'oracle': {'source': 'none', 'task_id': 'V-25', 'revision': 0, 'ref': 'ace029a0fe1600ff692374b23edef6a1886bef46', 'hash': '', 'status': 'not_required'}, 'mapped_files': [], 'target_recheck': {'exp"
2026-09-20T01:14:46.576190+00:00,mcp__orchestra__merge_worker,"{'schema_version': 1, 'operation_id': '5a10a7b2-3f99-4e9b-9bf3-cd8455350049', 'operation_state': 'PENDING', 'retryable': True, 'commit_point': 'NOT_REACHED', 'git': {'status': 'NOT_STARTED', 'target_branch': 'main', 'target_before': None, 'target_after': None, 'worker_branch': 'task-V-10/feat-usage-log', 'worker_head': 'd3d9cf421c27a11e301fcfe049aa07af711711dd', 'conflicts': []}, 'task_links': {'status': 'NOT_RUN', 'items': {}}, 'rag': {'status': 'NOT_RUN'}, 'lifecycle': {'status': 'NOT_RUN'}, 'next_task': {'status': 'NOT_REQUESTED'}, 'error': None, 'warnings': [], 'next_action': {'code': 'CHECK_SAME_OPERATION', 'message': 'Check operation 5a10a7b2-3f99-4e9b-9bf3-cd8455350049; do not merge manually.'}, 'admission': {'target': {'branch': 'main', 'sha': '5e3ae48d1e1514af20a7c2cc11c51d98e4c5bd46'}, 'oracle': {'source': 'none', 'task_id': 'V-10', 'revision': 0, 'ref': '5e3ae48d1e1514af20a7c2cc11c51d98e4c5bd46', 'hash': '', 'status': 'not_required'}, 'mapped_files': [], 'target_recheck': {'"
2026-09-20T01:16:18.692399+00:00,mcp__orchestra__merge_worker,"{'schema_version': 1, 'operation_id': '5f45235d-f0df-4ecf-8c74-749be5a62e6c', 'operation_state': 'PENDING', 'retryable': True, 'commit_point': 'NOT_REACHED', 'git': {'status': 'NOT_STARTED', 'target_branch': 'main', 'target_before': None, 'target_after': None, 'worker_branch': 'task-V-10/feat-usage-log', 'worker_head': '56c8b76c32018d7ec820c2a61eba17395376b13d', 'conflicts': []}, 'task_links': {'status': 'NOT_RUN', 'items': {}}, 'rag': {'status': 'NOT_RUN'}, 'lifecycle': {'status': 'NOT_RUN'}, 'next_task': {'status': 'NOT_REQUESTED'}, 'error': None, 'warnings': [], 'next_action': {'code': 'CHECK_SAME_OPERATION', 'message': 'Check operation 5f45235d-f0df-4ecf-8c74-749be5a62e6c; do not merge manually.'}, 'admission': {'target': {'branch': 'main', 'sha': '5e3ae48d1e1514af20a7c2cc11c51d98e4c5bd46'}, 'oracle': {'source': 'none', 'task_id': 'V-10', 'revision': 0, 'ref': '5e3ae48d1e1514af20a7c2cc11c51d98e4c5bd46', 'hash': '', 'status': 'not_required'}, 'mapped_files': [], 'target_recheck': {'"
2026-09-20T05:23:46.064162+00:00,mcp__orchestra__merge_worker,"{'schema_version': 1, 'operation_id': '9c014bf3-63e7-491e-bd85-45f05eab5dc5', 'operation_state': 'PENDING', 'retryable': True, 'commit_point': 'NOT_REACHED', 'git': {'status': 'NOT_STARTED', 'target_branch': 'main', 'target_before': None, 'target_after': None, 'worker_branch': 'task-V-22/balatro-assets', 'worker_head': '686306c362d5d5198574c8486009cbbe44a88370', 'conflicts': []}, 'task_links': {'status': 'NOT_RUN', 'items': {}}, 'rag': {'status': 'NOT_RUN'}, 'lifecycle': {'status': 'NOT_RUN'}, 'next_task': {'status': 'NOT_REQUESTED'}, 'error': None, 'warnings': [], 'next_action': {'code': 'CHECK_SAME_OPERATION', 'message': 'Check operation 9c014bf3-63e7-491e-bd85-45f05eab5dc5; do not merge manually.'}, 'admission': {'target': {'branch': 'main', 'sha': '30bd78b7da5abf98a42ee991ae905785b58b0c30'}, 'oracle': {'source': 'none', 'task_id': 'V-22', 'revision': 0, 'ref': '30bd78b7da5abf98a42ee991ae905785b58b0c30', 'hash': '', 'status': 'not_required'}, 'mapped_files': [], 'target_recheck': {'"
2026-09-20T05:24:06.152940+00:00,mcp__orchestra__merge_worker,"{'schema_version': 1, 'operation_id': '0cb4a818-0b3c-4c6b-8804-6e6458ba7274', 'operation_state': 'PENDING', 'retryable': True, 'commit_point': 'NOT_REACHED', 'git': {'status': 'NOT_STARTED', 'target_branch': 'main', 'target_before': None, 'target_after': None, 'worker_branch': 'task-V-22/balatro-assets', 'worker_head': '686306c362d5d5198574c8486009cbbe44a88370', 'conflicts': []}, 'task_links': {'status': 'NOT_RUN', 'items': {}}, 'rag': {'status': 'NOT_RUN'}, 'lifecycle': {'status': 'NOT_RUN'}, 'next_task': {'status': 'NOT_REQUESTED'}, 'error': None, 'warnings': [], 'next_action': {'code': 'CHECK_SAME_OPERATION', 'message': 'Check operation 0cb4a818-0b3c-4c6b-8804-6e6458ba7274; do not merge manually.'}, 'admission': {'target': {'branch': 'main', 'sha': 'd47ea1b7cd20ccc9dcdb9df4b7161a06f0b9cab6'}, 'oracle': {'source': 'none', 'task_id': 'V-22', 'revision': 0, 'ref': 'd47ea1b7cd20ccc9dcdb9df4b7161a06f0b9cab6', 'hash': '', 'status': 'not_required'}, 'mapped_files': [], 'target_recheck': {'"
2026-09-20T05:31:38.465546+00:00,mcp__orchestra__codex_review,"Review receipt: review-receipt:c88a70d9-e855-420f-949e-166355860230.
Codex exec started with reviewer model gpt-5.6-luna (bg job bg-62da1a818a, 10-min timeout). END YOUR TURN NOW — this is required, not optional. Orchestra will wake you when the job succeeds, times out, or fails. On success: read .orchestra/tasks/V-27/codex-review-impl.md. To continue this debate, call codex_review again with the SAME output and resume=True. Do not start another codex_review until this one reports back."
2026-09-20T05:35:26.879556+00:00,mcp__orchestra__codex_review,"Review receipt: review-receipt:3b341b7c-eacc-44aa-b912-7d372dfefc09.
Codex exec started with reviewer model gpt-5.6-luna (bg job bg-780c8548c3, 10-min timeout). END YOUR TURN NOW — this is required, not optional. Orchestra will wake you when the job succeeds, times out, or fails. On success: read .orchestra/tasks/V-27/codex-review-impl.md. To continue this debate, call codex_review again with the SAME output and resume=True. Do not start another codex_review until this one reports back."
2026-09-20T05:38:36.129906+00:00,mcp__orchestra__merge_worker,"{'schema_version': 1, 'operation_id': '100014e3-2947-4937-92cc-c19825850dcb', 'operation_state': 'PENDING', 'retryable': True, 'commit_point': 'NOT_REACHED', 'git': {'status': 'NOT_STARTED', 'target_branch': 'main', 'target_before': None, 'target_after': None, 'worker_branch': 'task-V-27/balatro-assets', 'worker_head': '25c746d19aa5770693c9c0ab99784b41f6b51be3', 'conflicts': []}, 'task_links': {'status': 'NOT_RUN', 'items': {}}, 'rag': {'status': 'NOT_RUN'}, 'lifecycle': {'status': 'NOT_RUN'}, 'next_task': {'status': 'NOT_REQUESTED'}, 'error': None, 'warnings': [], 'next_action': {'code': 'CHECK_SAME_OPERATION', 'message': 'Check operation 100014e3-2947-4937-92cc-c19825850dcb; do not merge manually.'}, 'admission': {'target': {'branch': 'main', 'sha': '54325f5e92f2a3170979d96b812218c31ceacaf1'}, 'oracle': {'source': 'none', 'task_id': 'V-27', 'revision': 0, 'ref': '54325f5e92f2a3170979d96b812218c31ceacaf1', 'hash': '', 'status': 'not_required'}, 'mapped_files': [], 'target_recheck': {'"
2026-09-20T05:50:49.222796+00:00,mcp__orchestra__merge_worker,"{'schema_version': 1, 'operation_id': 'e10e7d08-a824-47a3-b020-b22d126a595c', 'operation_state': 'PENDING', 'retryable': True, 'commit_point': 'NOT_REACHED', 'git': {'status': 'NOT_STARTED', 'target_branch': 'main', 'target_before': None, 'target_after': None, 'worker_branch': 'task-V-33/tender-scan', 'worker_head': '5fc639fba91d89280c65e202f864af22b484e49c', 'conflicts': []}, 'task_links': {'status': 'NOT_RUN', 'items': {}}, 'rag': {'status': 'NOT_RUN'}, 'lifecycle': {'status': 'NOT_RUN'}, 'next_task': {'status': 'NOT_REQUESTED'}, 'error': None, 'warnings': [], 'next_action': {'code': 'CHECK_SAME_OPERATION', 'message': 'Check operation e10e7d08-a824-47a3-b020-b22d126a595c; do not merge manually.'}, 'admission': {'target': {'branch': 'main', 'sha': '974e2f162c2ff202bdd1253cc2d0757ad18c6bdc'}, 'oracle': {'source': 'none', 'task_id': 'V-33', 'revision': 0, 'ref': '974e2f162c2ff202bdd1253cc2d0757ad18c6bdc', 'hash': '', 'status': 'not_required'}, 'mapped_files': [], 'target_recheck': {'exp"
2026-09-20T05:51:58.598696+00:00,mcp__orchestra__merge_worker,"{'schema_version': 1, 'operation_id': 'e207b429-42f6-4c0b-8254-3f9b46e7826a', 'operation_state': 'PENDING', 'retryable': True, 'commit_point': 'NOT_REACHED', 'git': {'status': 'NOT_STARTED', 'target_branch': 'main', 'target_before': None, 'target_after': None, 'worker_branch': 'task-V-28/balatro-vps', 'worker_head': '5523f77d219b1c6233c7ab62786dcc64793580f6', 'conflicts': []}, 'task_links': {'status': 'NOT_RUN', 'items': {}}, 'rag': {'status': 'NOT_RUN'}, 'lifecycle': {'status': 'NOT_RUN'}, 'next_task': {'status': 'NOT_REQUESTED'}, 'error': None, 'warnings': [], 'next_action': {'code': 'CHECK_SAME_OPERATION', 'message': 'Check operation e207b429-42f6-4c0b-8254-3f9b46e7826a; do not merge manually.'}, 'admission': {'target': {'branch': 'main', 'sha': 'be4265393b66c54b2d6fa4c04b32bed51676489e'}, 'oracle': {'source': 'none', 'task_id': 'V-28', 'revision': 0, 'ref': 'be4265393b66c54b2d6fa4c04b32bed51676489e', 'hash': '', 'status': 'not_required'}, 'mapped_files': [], 'target_recheck': {'exp"
2026-09-20T06:00:37.005582+00:00,mcp__orchestra__merge_worker,"{'schema_version': 1, 'operation_id': 'c9747156-50a4-4142-8530-4e344dc8c97f', 'operation_state': 'PENDING', 'retryable': True, 'commit_point': 'NOT_REACHED', 'git': {'status': 'NOT_STARTED', 'target_branch': 'main', 'target_before': None, 'target_after': None, 'worker_branch': 'task-V-29/balatro-vps', 'worker_head': '29ceb2c080e24d957369cdffbc4376994f6660b4', 'conflicts': []}, 'task_links': {'status': 'NOT_RUN', 'items': {}}, 'rag': {'status': 'NOT_RUN'}, 'lifecycle': {'status': 'NOT_RUN'}, 'next_task': {'status': 'NOT_REQUESTED'}, 'error': None, 'warnings': [], 'next_action': {'code': 'CHECK_SAME_OPERATION', 'message': 'Check operation c9747156-50a4-4142-8530-4e344dc8c97f; do not merge manually.'}, 'admission': {'target': {'branch': 'main', 'sha': '7e40af1a3009aa3114e4aaf35350f111345c8b21'}, 'oracle': {'source': 'none', 'task_id': 'V-29', 'revision': 0, 'ref': '7e40af1a3009aa3114e4aaf35350f111345c8b21', 'hash': '', 'status': 'not_required'}, 'mapped_files': [], 'target_recheck': {'exp"
2026-09-20T06:05:10.064524+00:00,mcp__orchestra__merge_worker,"{'schema_version': 1, 'operation_id': '0bbdbb58-8c7b-4f76-a6e5-642472f0bad9', 'operation_state': 'PENDING', 'retryable': True, 'commit_point': 'NOT_REACHED', 'git': {'status': 'NOT_STARTED', 'target_branch': 'main', 'target_before': None, 'target_after': None, 'worker_branch': 'task-V-31/balatro-vps', 'worker_head': '3cce4bbd86a6cd8c4eacbe5edf5a3f6af2e73e57', 'conflicts': []}, 'task_links': {'status': 'NOT_RUN', 'items': {}}, 'rag': {'status': 'NOT_RUN'}, 'lifecycle': {'status': 'NOT_RUN'}, 'next_task': {'status': 'NOT_REQUESTED'}, 'error': None, 'warnings': [], 'next_action': {'code': 'CHECK_SAME_OPERATION', 'message': 'Check operation 0bbdbb58-8c7b-4f76-a6e5-642472f0bad9; do not merge manually.'}, 'admission': {'target': {'branch': 'main', 'sha': '94b344aa60082ab5e2f4b6145ed4ccac9ad4e0d1'}, 'oracle': {'source': 'none', 'task_id': 'V-31', 'revision': 0, 'ref': '94b344aa60082ab5e2f4b6145ed4ccac9ad4e0d1', 'hash': '', 'status': 'not_required'}, 'mapped_files': [], 'target_recheck': {'exp"
2026-09-20T06:09:54.623701+00:00,mcp__orchestra__merge_worker,"{'schema_version': 1, 'operation_id': 'cf797e88-6c36-4848-ab29-8c6d18c9c13e', 'operation_state': 'PENDING', 'retryable': True, 'commit_point': 'NOT_REACHED', 'git': {'status': 'NOT_STARTED', 'target_branch': 'main', 'target_before': None, 'target_after': None, 'worker_branch': 'task-V-598/audit-rules-dupes', 'worker_head': 'f9997dfe9c43922db15d65f581d332c6fe0d401c', 'conflicts': []}, 'task_links': {'status': 'NOT_RUN', 'items': {}}, 'rag': {'status': 'NOT_RUN'}, 'lifecycle': {'status': 'NOT_RUN'}, 'next_task': {'status': 'NOT_REQUESTED'}, 'error': None, 'warnings': [], 'next_action': {'code': 'CHECK_SAME_OPERATION', 'message': 'Check operation cf797e88-6c36-4848-ab29-8c6d18c9c13e; do not merge manually.'}, 'admission': {'target': {'branch': 'main', 'sha': '2bd067d76ace05445b5bdfbb9867814f3c19d4d1'}, 'oracle': {'source': 'none', 'task_id': 'V-598', 'revision': 0, 'ref': '2bd067d76ace05445b5bdfbb9867814f3c19d4d1', 'hash': '', 'status': 'not_required'}, 'mapped_files': [], 'target_recheck"
2026-09-20T06:10:18.873054+00:00,mcp__orchestra__merge_worker,"{'schema_version': 1, 'operation_id': 'a5d67de5-68f0-49bb-8829-3ddaf42d8d2f', 'operation_state': 'PENDING', 'retryable': True, 'commit_point': 'NOT_REACHED', 'git': {'status': 'NOT_STARTED', 'target_branch': 'main', 'target_before': None, 'target_after': None, 'worker_branch': 'task-V-598/audit-rules-dupes', 'worker_head': 'f9997dfe9c43922db15d65f581d332c6fe0d401c', 'conflicts': []}, 'task_links': {'status': 'NOT_RUN', 'items': {}}, 'rag': {'status': 'NOT_RUN'}, 'lifecycle': {'status': 'NOT_RUN'}, 'next_task': {'status': 'NOT_REQUESTED'}, 'error': None, 'warnings': [], 'next_action': {'code': 'CHECK_SAME_OPERATION', 'message': 'Check operation a5d67de5-68f0-49bb-8829-3ddaf42d8d2f; do not merge manually.'}, 'admission': {'target': {'branch': 'main', 'sha': '2bd067d76ace05445b5bdfbb9867814f3c19d4d1'}, 'oracle': {'source': 'none', 'task_id': 'V-598', 'revision': 0, 'ref': '2bd067d76ace05445b5bdfbb9867814f3c19d4d1', 'hash': '', 'status': 'not_required'}, 'mapped_files': [], 'target_recheck"
2026-09-20T06:10:33.483434+00:00,mcp__orchestra__merge_worker,"{'schema_version': 1, 'operation_id': 'e51c0550-a641-4ad2-910a-e3d362d67817', 'operation_state': 'PENDING', 'retryable': True, 'commit_point': 'NOT_REACHED', 'git': {'status': 'NOT_STARTED', 'target_branch': 'main', 'target_before': None, 'target_after': None, 'worker_branch': 'task-V-598/audit-rules-dupes', 'worker_head': 'f9997dfe9c43922db15d65f581d332c6fe0d401c', 'conflicts': []}, 'task_links': {'status': 'NOT_RUN', 'items': {}}, 'rag': {'status': 'NOT_RUN'}, 'lifecycle': {'status': 'NOT_RUN'}, 'next_task': {'status': 'NOT_REQUESTED'}, 'error': None, 'warnings': [], 'next_action': {'code': 'CHECK_SAME_OPERATION', 'message': 'Check operation e51c0550-a641-4ad2-910a-e3d362d67817; do not merge manually.'}, 'admission': {'target': {'branch': 'main', 'sha': '2c01b91feb47afac0863e46cd64a2ef208a80449'}, 'oracle': {'source': 'none', 'task_id': 'V-598', 'revision': 0, 'ref': '2c01b91feb47afac0863e46cd64a2ef208a80449', 'hash': '', 'status': 'not_required'}, 'mapped_files': [], 'target_recheck"
2026-09-20T06:21:58.748141+00:00,mcp__orchestra__merge_worker,"{'schema_version': 1, 'operation_id': 'cae401e1-08d7-486f-a567-0d73b963b2ca', 'operation_state': 'PENDING', 'retryable': True, 'commit_point': 'NOT_REACHED', 'git': {'status': 'NOT_STARTED', 'target_branch': 'main', 'target_before': None, 'target_after': None, 'worker_branch': 'task-V-30/balatro-perf', 'worker_head': 'c1e03aea39b45a188620fc71c860169cd66e47f9', 'conflicts': []}, 'task_links': {'status': 'NOT_RUN', 'items': {}}, 'rag': {'status': 'NOT_RUN'}, 'lifecycle': {'status': 'NOT_RUN'}, 'next_task': {'status': 'NOT_REQUESTED'}, 'error': None, 'warnings': [], 'next_action': {'code': 'CHECK_SAME_OPERATION', 'message': 'Check operation cae401e1-08d7-486f-a567-0d73b963b2ca; do not merge manually.'}, 'admission': {'target': {'branch': 'main', 'sha': '5dac712b8a93937b3aa0074b969c8cbcd22e610e'}, 'oracle': {'source': 'none', 'task_id': 'V-30', 'revision': 0, 'ref': '5dac712b8a93937b3aa0074b969c8cbcd22e610e', 'hash': '', 'status': 'not_required'}, 'mapped_files': [], 'target_recheck': {'ex"
2026-09-20T06:45:05.549716+00:00,mcp__orchestra__merge_worker,"{'schema_version': 1, 'operation_id': '87e777f3-82f2-4652-ac2d-79e9c0a6becc', 'operation_state': 'PENDING', 'retryable': True, 'commit_point': 'NOT_REACHED', 'git': {'status': 'NOT_STARTED', 'target_branch': 'main', 'target_before': None, 'target_after': None, 'worker_branch': 'task-V-32/balatro-vps', 'worker_head': 'd8231acd882bf23fdab6639be016fd82e8395f03', 'conflicts': []}, 'task_links': {'status': 'NOT_RUN', 'items': {}}, 'rag': {'status': 'NOT_RUN'}, 'lifecycle': {'status': 'NOT_RUN'}, 'next_task': {'status': 'NOT_REQUESTED'}, 'error': None, 'warnings': [], 'next_action': {'code': 'CHECK_SAME_OPERATION', 'message': 'Check operation 87e777f3-82f2-4652-ac2d-79e9c0a6becc; do not merge manually.'}, 'admission': {'target': {'branch': 'main', 'sha': 'fa7e115883596b4d9ef842dc330013efd9f73eaa'}, 'oracle': {'source': 'none', 'task_id': 'V-32', 'revision': 0, 'ref': 'fa7e115883596b4d9ef842dc330013efd9f73eaa', 'hash': '', 'status': 'not_required'}, 'mapped_files': [], 'target_recheck': {'exp"
2026-09-20T07:14:27.545345+00:00,mcp__orchestra__merge_worker,"{'schema_version': 1, 'operation_id': 'bb1f2697-006f-4730-ba5e-d5df67a4f82e', 'operation_state': 'PENDING', 'retryable': True, 'commit_point': 'NOT_REACHED', 'git': {'status': 'NOT_STARTED', 'target_branch': 'main', 'target_before': None, 'target_after': None, 'worker_branch': 'task-V-35/balatro-vps', 'worker_head': '3c3b0451e1b7450011823b09f2d9d1057dbcdef8', 'conflicts': []}, 'task_links': {'status': 'NOT_RUN', 'items': {}}, 'rag': {'status': 'NOT_RUN'}, 'lifecycle': {'status': 'NOT_RUN'}, 'next_task': {'status': 'NOT_REQUESTED'}, 'error': None, 'warnings': [], 'next_action': {'code': 'CHECK_SAME_OPERATION', 'message': 'Check operation bb1f2697-006f-4730-ba5e-d5df67a4f82e; do not merge manually.'}, 'admission': {'target': {'branch': 'main', 'sha': 'd0cd0a997c154a6e5d2400a247a39767febae96e'}, 'oracle': {'source': 'none', 'task_id': 'V-35', 'revision': 0, 'ref': 'd0cd0a997c154a6e5d2400a247a39767febae96e', 'hash': '', 'status': 'not_required'}, 'mapped_files': [], 'target_recheck': {'exp"
2026-09-20T07:24:05.105446+00:00,mcp__orchestra__merge_worker,"{'schema_version': 1, 'operation_id': '62538d43-d4c7-4be1-b2e8-8f926cde40b4', 'operation_state': 'PENDING', 'retryable': True, 'commit_point': 'NOT_REACHED', 'git': {'status': 'NOT_STARTED', 'target_branch': 'main', 'target_before': None, 'target_after': None, 'worker_branch': 'task-V-36/balatro-perf', 'worker_head': '9767c26a2b4a4ace8b9dfc967aaa1f559d1f8685', 'conflicts': []}, 'task_links': {'status': 'NOT_RUN', 'items': {}}, 'rag': {'status': 'NOT_RUN'}, 'lifecycle': {'status': 'NOT_RUN'}, 'next_task': {'status': 'NOT_REQUESTED'}, 'error': None, 'warnings': [], 'next_action': {'code': 'CHECK_SAME_OPERATION', 'message': 'Check operation 62538d43-d4c7-4be1-b2e8-8f926cde40b4; do not merge manually.'}, 'admission': {'target': {'branch': 'main', 'sha': '251edf535b4a64cad1068dcff5d304290d6b23c6'}, 'oracle': {'source': 'none', 'task_id': 'V-36', 'revision': 0, 'ref': '251edf535b4a64cad1068dcff5d304290d6b23c6', 'hash': '', 'status': 'not_required'}, 'mapped_files': [], 'target_recheck': {'ex"
2026-09-20T07:49:33.692042+00:00,mcp__orchestra__merge_worker,"{'schema_version': 1, 'operation_id': '24a3a196-3e50-4537-9b8d-834b6f900f03', 'operation_state': 'PENDING', 'retryable': True, 'commit_point': 'NOT_REACHED', 'git': {'status': 'NOT_STARTED', 'target_branch': 'main', 'target_before': None, 'target_after': None, 'worker_branch': 'task-V-36/balatro-perf', 'worker_head': '9767c26a2b4a4ace8b9dfc967aaa1f559d1f8685', 'conflicts': []}, 'task_links': {'status': 'NOT_RUN', 'items': {}}, 'rag': {'status': 'NOT_RUN'}, 'lifecycle': {'status': 'NOT_RUN'}, 'next_task': {'status': 'NOT_REQUESTED'}, 'error': None, 'warnings': [], 'next_action': {'code': 'CHECK_SAME_OPERATION', 'message': 'Check operation 24a3a196-3e50-4537-9b8d-834b6f900f03; do not merge manually.'}, 'admission': {'target': {'branch': 'main', 'sha': 'cb524bdbc54c07e856ff9f5097815dbb14a427d8'}, 'oracle': {'source': 'none', 'task_id': 'V-36', 'revision': 0, 'ref': 'cb524bdbc54c07e856ff9f5097815dbb14a427d8', 'hash': '', 'status': 'not_required'}, 'mapped_files': [], 'target_recheck': {'ex"
2026-09-20T09:35:40.099408+00:00,mcp__orchestra__task_create,"{""par"": ""V-600"", ""par_number"": 600, ""ref_prefix"": ""V"", ""id"": 2588, ""stable_id"": ""93c09f06-93de-5025-8564-5ff6d82f75bb"", ""title"": ""Аудит всех MCP-тулов Orchestra: скорость, синхронность, лишние шаги"", ""project"": ""/home/kesha/orchestra"", ""price_rub"": 0, ""status"": ""new"", ""request_key"": ""886268a6f8e2487fa2590141a27dac14"", ""description"": ""Владелец 20.09: «надо все наши мсп тулы крч аудит провести и улучшить ускорить упростить и чтобы быстро делали и синхронно». Первый этап — аудит с числами, правки только после разбора оркестратором. Повод: merge_worker до сегодняшнего дня отвечал PENDING и будил агента отдельным ходом даже когда мерж занимал секунду (82% укладываются в 10 с) — это чинится, но такие же дыры могут быть у других тулов."", ""assignee"": """", ""priority"": 1, ""task_id"": 2588}"
